Country Name,Country Code,1990,1991,1992,1993,1994,1995,1996,1997,1998,1999,2000,2001,2002,2003,2004,2005,2006,2007,2008,2009,2010,2011,2012,2013,2014,2015,2016,2017,2018,2019
Aruba,ABW,12306.71768,13495.7943,14045.47457,14938.68157,16239.98785,16439.35636,16583.87586,17927.95944,19077.68743,19355.33354,20617.75047,20670.36701,20436.88713,20833.97636,22568.37499,23300.73836,24046.22638,25834.11178,27083.63486,24631.18205,23513.5277,24985.01392,24712.49326,26441.61994,26893.01151,28396.90842,28452.17061,29350.80502,30253.27936,30971.56467
Africa Eastern and Southern,AFE,696.9881454,704.4270885,683.3361345,706.4880387,702.4159658,771.4100971,747.8415501,765.9674854,703.0913562,675.8042634,713.2459211,633.608789,631.8703396,819.7439815,993.7627111,1129.80871,1237.111802,1382.869039,1442.168158,1412.111284,1634.448253,1770.73623,1736.16656,1713.899299,1703.596298,1549.03794,1431.778723,1573.063386,1574.978648,1530.059177
Afghanistan,AFG,107.6053542,107.6053542,107.6053542,107.6053542,107.6053542,107.6053542,107.6053542,80.63554392,107.6053542,134.5751644,161.5449746,188.5147848,179.4265792,190.6838143,211.3820742,242.0313132,263.7336019,359.6931579,364.663542,437.2687402,543.3065262,591.1900302,638.8458516,624.3154545,614.2233424,556.0072209,512.0127781,516.6798622,485.6684187,494.1793499
Africa Western and Central,AFW,594.7260092,558.4356809,547.6630929,445.6562062,378.9404929,462.8648086,523.7635266,515.2345812,513.6425507,528.5773937,525.4503429,539.3357244,627.7739445,706.955063,854.5068364,1016.475978,1252.595147,1430.7964,1707.272264,1486.572654,1687.551979,1862.308267,1965.118485,2157.481149,2212.853135,1894.310195,1673.835527,1613.473553,1704.139603,1777.918672
Angola,AGO,297.2385515,306.4705921,288.0065109,324.9346733,251.0783484,398.7909982,522.6796243,514.3851744,423.619049,387.7851241,556.8386317,527.3335285,872.4944418,982.9610078,1255.564513,1902.42215,2599.565948,3121.996085,4080.941034,3122.781599,3587.883645,4615.468219,5100.097027,5254.881126,5408.4117,4166.979833,3506.073128,4095.810057,3289.643995,2809.626088
Albania,ALB,617.2304355,336.5869945,200.8522198,367.2792251,586.4163396,750.6044492,1009.977275,717.3800477,813.7893966,1033.242532,1126.68334,1281.659826,1425.124219,1846.120121,2373.581292,2673.786584,2972.742924,3595.038057,4370.539925,4114.134899,4094.348386,4437.142612,4247.630047,4413.062005,4578.633208,3952.802538,4124.05539,4531.019374,5287.663694,5395.659532
Andorra,AND,18878.85231,19534.26363,20549.80558,16515.6584,16235.06804,18458.17399,19016.28819,18355.62786,18895.11066,19262.30899,21854.2468,22970.51221,25067.24006,32272.84589,37966.18725,40064.22493,42674.75897,47804.84993,48719.65877,43504.21565,40850.24814,43334.81141,38686.46126,39540.72481,41303.92937,35770.7767,37475.63506,38964.90448,41791.96984,40897.33087
Arab World,ARB,2796.699977,1918.346328,2033.963932,2017.938575,2068.778441,2196.978885,2371.452601,2501.050758,2381.994879,2579.122064,2890.227674,2768.502103,2725.609752,2948.632623,3430.98291,4120.842157,4754.768854,5418.134763,6661.484068,5695.887676,6512.541558,6888.979416,7378.23189,7373.201678,7300.030219,6220.716636,5969.616593,5987.341957,6504.148493,6489.043216
United Arab Emirates,ARE,27729.39059,26612.25311,26420.85988,25596.73939,25848.01625,27221.93441,28975.07996,29512.67479,26899.60177,28470.88586,33291.36625,31280.75586,31567.54631,33499.10278,36333.18733,39365.45964,41907.42147,41809.46216,44498.94051,32024.19778,33893.26387,39194.67224,40976.49075,42412.6395,43751.80565,38663.4005,38141.86713,40644.79119,43839.32449,42701.44305
Argentina,ARG,4333.483372,5735.359981,6823.538837,6969.119729,7483.140334,7408.708664,7721.354105,8213.125127,8289.507568,7774.736203,7708.099115,7208.373114,2593.404563,3349.8063,4277.721573,5109.852245,5919.012338,7245.446857,9020.873323,8225.137583,10385.96443,12848.8642,13082.66433,13080.25473,12334.79825,13789.06042,12790.24247,14613.04182,11795.15939,10056.63794
Armenia,ARM,637.8559212,590.5058756,369.7072323,357.2028486,400.5155938,456.3749333,504.0598426,523.2844107,609.1716537,597.4328988,622.7409229,694.4234554,783.241215,930.1254727,1191.921006,1643.756889,2158.148074,3139.28071,4010.861381,2994.340471,3218.378299,3525.807198,3681.844691,3838.17388,3986.231624,3607.289299,3591.828052,3914.527854,4220.540321,4604.646324
American Samoa,ASM,6479.413159,6635.519344,6818.419821,7036.558962,7052.584332,7148.257031,7361.833724,7593.164893,7799.104931,7880.218156,7862.296461,7638.951026,8666.655382,8807.462812,8528.248777,8395.31877,8340.52344,8874.877928,9740.824491,11910.01323,10216.81763,10223.29836,11496.5241,11450.7242,11525.15639,12059.63516,12038.2497,11003.82976,11521.60978,11715.36014
Antigua and Barbuda,ATG,7347.646369,7602.345334,7745.7218,8136.188547,8771.143727,8406.358945,9030.574978,9491.660766,9940.852228,10260.59941,10872.29295,10367.31961,10401.05088,10797.95106,11446.96914,12557.54785,13995.80442,15622.69287,16044.1058,14160.562,13048.96058,12746.63347,13272.73494,12910.59063,13501.58092,14285.32978,15198.74297,15383.5764,16679.59166,17376.64968
Australia,AUS,18243.47142,18855.762,18604.18827,17667.1871,18079.38018,20358.33336,21904.29412,23509.42347,21345.97099,20558.9604,21697.70848,19527.32358,20117.78889,23492.40517,30513.94174,34080.9999,36117.48798,41001.14298,49654.9106,42783.32257,52087.97229,62574.1457,68027.84171,68156.62792,62511.69059,56707.02208,49881.76371,53934.25018,57180.7794,54875.28596
Austria,AUT,21680.98962,22410.91177,24880.16412,24081.52779,25646.70066,30325.84958,29809.07677,26705.4786,27361.87511,27174.29716,24564.45829,24537.51426,26401.74546,32222.89724,36821.52147,38403.13388,40635.28182,46855.77175,51708.76575,47963.1794,46858.04327,51374.95841,48567.69529,50716.70871,51717.49594,44178.04738,45276.83144,47312.00623,51461.43322,50114.40111
Azerbaijan,AZE,53.086,45.71310264,60.45821358,209.4785718,157.0860591,314.5612263,409.1631891,505.5003493,561.9068079,573.9165123,655.1199452,703.6838434,763.080638,883.7339715,1045.009379,1578.40239,2473.081819,3851.437869,5574.603802,4950.294791,5843.533768,7189.691229,7496.294648,7875.756953,7891.313147,5500.310382,3880.738731,4147.089716,4739.84171,4805.753718
Burundi,BDI,208.1466789,209.778011,190.4888799,161.887525,156.812381,167.0988878,143.4023238,158.9146699,144.4930173,128.9389187,136.4639708,134.3634269,123.1175361,113.5672513,128.3367028,151.6815663,167.3764625,172.4955966,198.3528517,212.1370572,234.2355389,249.5779794,252.3588707,256.9756526,274.8578362,305.5496525,260.5652208,253.8263541,238.783467,228.2135892
Belgium,BEL,20600.37528,21041.66065,23372.61917,22283.93602,24208.55479,28413.82644,27489.55518,24820.93805,25338.44329,25244.27505,23041.53473,22995.15752,24887.56133,30587.66841,35364.37533,36795.97688,38672.70594,44262.896,48106.89292,44583.54481,44141.87814,47348.52502,44673.11588,46744.66254,47700.54036,40991.80814,41984.10303,44089.31009,47519.5531,46591.49161
Benin,BEN,393.686768,385.7538407,317.962736,411.9261797,279.666749,367.3877143,387.4320982,361.0999824,379.4417675,551.8214294,512.673902,518.0674741,574.9297982,711.2849548,798.7443045,822.7851431,856.0549166,966.2036183,1125.426134,1088.757906,1036.534515,1130.273251,1145.140105,1251.209767,1291.410185,1076.796698,1087.287331,1136.593872,1241.825298,1219.515506
Burkina Faso,BFA,351.9792335,346.4105959,361.0468756,334.943237,193.0702802,235.8321506,249.3605589,229.4929493,255.7182367,300.4217239,255.7186873,267.0975996,294.6653885,374.627358,418.3766603,457.9334308,473.4498682,535.0622795,643.404581,624.1751645,647.8360955,751.1727704,758.000427,787.4694383,792.8462374,653.3272681,688.2506963,734.996268,804.5005378,796.1152068
Bangladesh,BGD,306.2687008,293.1604211,293.6449876,300.5557477,299.5330371,329.4240761,394.7174919,401.4986674,407.4291762,409.5431838,418.0689421,415.0344043,413.0802826,446.3106757,475.2919302,499.4619402,509.6401899,558.0518407,634.9870697,702.2644196,781.1535777,861.7621622,883.1171296,981.8608514,1118.873808,1248.45331,1401.564635,1563.767819,1698.132081,1855.740094
Bulgaria,BGR,2366.529821,1267.734375,1211.980878,1278.247173,1148.494399,2258.286018,1470.103703,1361.392386,1820.405094,1659.718346,1621.242961,1770.913534,2092.957694,2719.497656,3389.707049,3899.907638,4523.050833,5885.104348,7265.735497,6988.233325,6853.002854,7849.165283,7432.478766,7681.93462,7901.785876,7074.681023,7569.478815,8366.293221,9446.700772,9879.268533
Bahrain,BHR,8529.052127,9055.644407,9082.827988,9698.15289,10130.3762,10376.9533,10544.79468,10672.23776,10076.26988,10401.56215,13636.41675,12868.17692,13049.90973,14222.0368,15846.50595,17959.39683,19307.50894,20976.44229,23066.45098,19355.92101,20722.07049,22514.20272,23654.36959,24744.29696,24989.43753,22634.08565,22608.45256,23742.93734,24085.95599,23551.93009
"Bahamas, The",BHS,12356.231,11919.83357,11686.73974,11406.85813,11814.43471,12238.60461,12708.64145,22036.10068,23514.17756,26130.01296,27098.15632,27486.23677,28867.0825,28327.81367,28396.01371,30279.39221,30713.79806,31472.28554,30627.32775,28552.51716,28443.88848,28005.9124,29485.86422,28583.0233,30065.1602,31776.05559,31732.91914,32376.50917,33290.02814,33799.41769
Bosnia and Herzegovina,BIH,371.6578272,382.1868342,361.1288201,403.2448483,319.012792,487.4769045,740.0996865,982.8018491,1102.390688,1251.747595,1484.176056,1544.602075,1789.857691,2258.946452,2698.46718,2980.601268,3416.512376,4193.368011,5090.945834,4714.693746,4635.510195,5092.554723,4777.066914,5129.663534,5330.355075,4729.689959,4994.971551,5394.268944,6070.349081,6119.762345
Belarus,BLR,2124.767944,1801.930398,1710.168386,1598.326059,1739.81405,1323.273088,1452.507105,1394.508484,1515.530743,1212.045978,1276.493985,1244.373185,1479.314583,1819.766059,2378.623286,3125.810535,3847.434124,4735.657608,6377.369732,5352.583912,6033.686239,6527.173869,6953.132515,7998.125239,8341.399679,5967.052204,5039.681886,5785.670673,6360.062473,6837.717826
Belize,BLZ,2197.161593,2326.724165,2668.531422,2834.688425,2882.152083,2997.760458,3003.182627,2954.227237,2993.033599,3066.095138,3364.491731,3404.420586,3526.081513,3650.60647,3802.26316,3885.034074,4155.323885,4252.395404,4404.308198,4186.519998,4270.780085,4423.496842,4505.600593,4568.641228,4718.436581,4770.232656,4856.973249,4945.857699,5001.422157,5078.809944
Bermuda,BMU,26841.51974,27700.31006,28669.68171,30900.69428,31476.06372,33989.72316,44826.78907,48478.88325,51371.74081,54245.45974,56284.16865,58883.95943,62583.1002,66111.72523,70359.31911,75882.03386,95221.85887,104287.3875,106935.4863,101407.764,101875.2841,97774.16207,98431.86518,99471.6389,98467.68399,102005.6256,106885.8785,111820.5815,113023.1856,117098.4463
Bolivia,BOL,709.0599824,762.0777071,788.15232,784.1909887,801.0461369,880.9926864,950.8563862,998.5159532,1049.499374,1003.392231,997.5817489,948.8702113,904.2257999,907.5374158,967.4064586,1034.3118,1218.87407,1372.628368,1715.208393,1754.209464,1955.460182,2346.337844,2609.880562,2908.20037,3081.878823,3035.971655,3076.65644,3351.124344,3548.59078,3552.068143
Brazil,BRA,2622.262881,2259.239894,2127.50719,2348.090047,3295.244924,4748.388208,5166.163933,5282.04947,5087.079072,3479.843833,3749.910848,3160.249345,2839.491501,3070.436419,3637.31389,4790.456566,5886.391522,7348.187963,8831.183643,8597.794335,11286.07154,13245.38737,12370.22325,12300.38671,12112.83496,8813.989806,8710.06329,9928.675897,9151.381732,8897.552966
Barbados,BRB,7711.295456,7714.742746,7444.178173,7819.570003,8121.561919,8335.899293,8851.046458,9315.967566,10459.44247,10914.28224,11268.42006,11209.42112,11361.51677,11699.37047,12512.57797,13822.74175,15199.56753,16770.66103,17092.58214,15885.41018,16056.37098,16458.35321,16249.67395,16451.27931,16489.07224,16524.8995,16900.04829,17391.66891,17745.25537,18148.49785
Brunei Darussalam,BRN,13607.89027,13905.16834,15274.66771,14575.57459,14120.95256,15933.45283,16793.39123,16660.14763,12694.14896,14101.17285,18012.50219,16472.00329,16850.39408,18560.5035,21902.02712,26105.42203,30979.96284,32663.39237,37934.67645,27956.00514,35270.64214,47055.96064,47739.55769,44740.85942,41725.86752,31164.03625,27158.40565,28571.60829,31628.47626,31085.96193
Bhutan,BTN,541.9322571,449.5012422,449.4004282,424.3378418,486.9019801,543.3016187,560.391079,638.4858666,643.9882263,690.9127435,718.196337,764.4328082,845.5006721,962.0953713,1068.431811,1228.432356,1330.977444,1757.190496,1828.154677,1819.19731,2258.186435,2563.261224,2538.949519,2472.724753,2652.225654,2752.630172,2930.574923,3286.596744,3243.477437,3322.863329
Botswana,BWA,2945.83204,2972.728953,3040.989396,2973.380401,2970.118425,3219.914242,3221.689056,3258.982428,3039.964944,3405.821058,3522.310821,3278.016079,3190.624811,4330.972369,5073.520408,5513.331063,5521.990608,5832.737052,5713.543931,5255.776533,6434.812485,7617.310041,7050.573472,7224.912737,7495.220866,6402.910183,6982.917492,7296.092142,7503.878588,7203.064221
Central African Republic,CAF,513.3041877,478.5032764,477.1223243,419.8027038,271.5054976,346.1081962,304.6310755,276.4215961,278.3319015,280.9084242,251.2072914,250.3571459,260.7454587,293.661549,320.7368123,331.1630882,354.6708633,404.3745429,464.5612047,474.7056275,488.4217358,551.7497219,565.8012071,380.2979111,424.4491317,377.4229177,402.1916451,450.9006579,475.9538139,467.9080323
Canada,CAN,21448.36196,21768.34329,20879.84833,20121.16125,19935.38146,20613.78788,21227.34753,21901.56285,21024.58507,22315.24667,24271.00206,23822.06012,24255.33858,28300.4631,32143.68141,36382.50792,40504.06073,44659.89514,46710.50558,40876.31015,47562.08343,52223.69611,52669.08996,52635.17496,50955.99832,43596.13554,42315.60371,45129.35644,46548.52036,46338.34096
Central Europe and the Baltics,CEB,2314.688781,2197.245977,2360.946348,2491.0123,2826.235767,3580.354508,3795.829168,3747.756715,4108.446136,3988.246728,3948.762471,4354.43244,4938.544567,5946.456625,7176.701402,8362.980754,9481.356736,12019.83033,14593.25022,12312.38358,12622.2628,13910.48113,13020.83399,13717.71238,14161.38706,12521.79141,12829.89634,14248.74812,16045.95364,16346.55494
Switzerland,CHE,39607.81909,39577.74875,40747.92546,39270.11413,43128.01411,50155.97413,48144.57913,41631.43886,42740.12818,41786.23414,38952.0342,39727.84667,42578.76314,49470.39713,54878.471,56546.78566,59300.61722,65359.51922,74572.23237,72083.1677,77117.12601,91254.03476,86547.67089,88109.48675,89684.70758,84776.14217,83073.28008,83352.08865,86388.40495,85334.51946
Chile,CHL,2494.526796,2803.562714,3350.214089,3535.17436,4024.215228,5107.277513,5349.805227,5745.371076,5446.579522,4957.777557,5074.902616,4574.594716,4446.249371,4772.563723,6194.85272,7598.528877,9464.548507,10502.35071,10751.4816,10208.90797,12808.03834,14637.23344,15351.54074,15842.93648,14670.98891,13574.16924,13753.59215,14998.81706,15888.14436,14741.7144
China,CHN,317.884673,333.1421454,366.4606923,377.3898395,473.4922787,609.6566792,709.4137551,781.7441643,828.5804793,873.2870617,959.3724836,1053.108243,1148.50829,1288.643252,1508.668098,1753.417829,2099.229435,2693.970063,3468.304602,3832.236432,4550.453108,5614.352135,6300.615118,7020.338485,7636.116601,8016.431435,8094.363367,8816.986905,9905.342004,10143.83817
Cote d'Ivoire,CIV,905.3220195,848.7531159,870.4807017,832.2830587,605.2633669,774.6713757,1232.253656,1192.779461,1258.52471,1177.040794,1007.46739,997.4787843,1047.752265,1207.512648,1308.28782,1309.591653,1347.988824,1500.167805,1738.192101,1689.344762,1701.475702,1744.938897,1684.781586,1935.946845,2156.645883,1972.545683,2013.381448,2111.026557,2314.050958,2276.332394
Cameroon,CMR,1045.364362,975.4719489,965.7807389,1257.905709,672.848688,798.8813102,794.0511616,752.1698237,767.3403603,765.3103315,681.102043,687.6481344,759.1118514,950.5648637,1090.785332,1100.174926,1147.4366,1277.516807,1439.547804,1411.474572,1352.302275,1465.145788,1403.522915,1527.751257,1604.214035,1382.50979,1413.255957,1469.4475,1585.240534,1533.095688
"Congo, Dem. Rep.",COD,270.1305434,268.2924969,220.3680073,275.8216169,145.0956035,135.8235936,134.9951648,138.9790482,138.5891003,102.5979732,405.2162186,153.5910441,175.009951,173.7961252,194.0400026,218.3862267,255.4330432,286.3304725,327.5637218,298.6196916,334.0215777,387.082477,424.6003738,457.9637475,486.7870951,497.3170391,471.3188225,467.0742317,560.8073582,580.7168706
"Congo, Rep.",COG,1187.549772,1124.897863,1178.027111,1048.612991,672.1631948,781.5250117,912.0123512,810.0766444,660.4714774,774.7119448,1032.137542,869.1005017,916.5880378,1028.415222,1326.596688,1834.880014,2153.491743,2262.85441,2892.416962,2336.160957,3073.557784,3557.55617,3923.093509,3883.746848,3776.485568,2447.539308,2050.993415,2169.991504,2606.615331,2369.729494
Colombia,COL,1445.32863,1456.694357,1697.112936,1893.542212,2284.838813,2539.912877,2620.538762,2827.379527,2566.024194,2209.93165,2520.481089,2439.682456,2396.627127,2281.401762,2782.623185,3414.465158,3741.092837,4714.073055,5472.53653,5193.241458,6336.709474,7335.166934,8050.255372,8218.347844,8114.343921,6175.87603,5870.777957,6376.706716,6729.583332,6424.979492
Comoros,COM,1043.790659,1000.556291,1047.965144,1008.038469,690.4672501,838.171684,810.5475521,726.0523149,718.1212694,723.1782555,647.4258118,680.9055728,747.9888625,937.7108963,1061.075548,1069.029426,1114.945281,1240.092528,1393.216032,1344.730406,1316.491213,1447.945144,1403.360252,1505.337292,1513.830379,1242.585608,1273.050952,1323.814843,1428.290463,1401.542312
Cabo Verde,CPV,908.0881284,923.7442808,1003.929541,1339.729577,1080.156565,1261.103098,1269.120577,1213.632864,1265.19785,1408.986203,1259.353067,1292.226512,1401.891073,1809.11003,2024.266381,2099.148417,2361.380101,3186.779935,3721.219993,3517.430156,3378.323433,3740.374103,3447.4831,3616.03557,3588.625584,3043.031382,3130.998753,3289.902203,3616.464537,3603.775241
Costa Rica,CRI,1831.000151,2247.373379,2605.805225,2841.64278,3031.888771,3265.693381,3215.105687,3391.977735,3597.434509,3668.802068,3789.053886,3960.307703,4042.705686,4147.824369,4404.711884,4676.379366,5227.465952,6103.741917,6901.388306,6801.036735,8227.127494,9229.834517,10075.00462,10744.09102,10847.16967,11642.77805,12011.22275,12225.57449,12485.4239,12693.82796
Caribbean small states,CSS,2997.319563,2951.059638,2875.189721,3084.660831,3214.05181,3514.100743,3803.623288,4421.507074,4690.20395,4938.52388,5253.442083,5374.083248,5600.44257,5945.877887,6459.56538,7255.144091,8201.29051,9054.851756,10225.38021,8578.716933,9253.213989,9920.910105,10187.30139,10296.52759,10381.47553,10141.41539,9574.221486,9800.965886,10234.21118,10291.80732
Cuba,CUB,2703.168294,2278.210387,2057.103595,2073.093712,2624.757035,2794.738808,2286.929054,2308.146615,2331.462691,2558.904101,2747.100303,2837.73573,2999.241763,3197.133185,3395.710843,3786.66345,4683.569067,5208.718388,5411.269492,5529.669375,5730.354264,6139.718783,6497.314764,6837.71168,7133.337679,7694.014637,8060.796598,8541.213686,8824.194008,9125.878679
Cyprus,CYP,9641.575273,9696.099593,11310.07192,10526.14177,11617.69278,15261.41056,15139.22613,14234.24438,15092.82625,15287.91913,14388.34806,14821.44682,16093.21461,20252.23898,23792.62136,24959.25917,26729.3234,31244.92622,35397.36368,32109.24251,31023.63833,32396.38574,28912.15694,27729.1927,27163.33297,23408.33668,24605.92083,26608.87509,29334.11093,29206.07672
Czech Republic,CZE,3941.503094,2896.609131,3372.86543,3956.17835,4630.551217,5824.121291,6532.837055,6034.488437,6489.703619,6337.41912,6029.038193,6637.041657,8060.868703,9818.568493,11749.85266,13430.6699,15261.79759,18466.54793,22804.57768,19861.69743,19960.06849,21871.26608,19870.80121,20133.16914,19890.91991,17829.69832,18575.23203,20636.19995,23419.73561,23660.14881
Germany,DEU,22303.96133,23357.75773,26438.23039,25522.62957,27076.60675,31658.34938,30485.86655,26964.04947,27289.05936,26725.91522,23635.92922,23607.88286,25077.72908,30243.57653,34044.05363,34507.36881,36323.44774,41587.2129,45427.15168,41485.90165,41531.9342,46644.77603,43858.36306,46285.76407,47959.99327,41086.72967,42107.51727,44542.2952,47950.18081,46794.89929
Djibouti,DJI,766.1474429,762.0125774,777.2673846,753.5092242,790.034804,789.5555265,767.5062771,760.6407761,755.7594723,765.8583232,768.1835703,780.9039613,791.3841807,818.8687857,863.2360874,904.7366795,967.6795838,1052.719117,1223.852363,1267.317394,1343.275125,1451.548081,1559.240651,2312.720948,2464.294905,2658.949245,2802.166204,2914.358197,3141.861711,3414.916178
Dominica,DMA,2860.322479,3122.653182,3317.824671,3466.998869,3721.272367,3860.800538,4120.581185,4292.11368,4593.863345,4751.092101,4787.801441,4883.003024,4770.851894,4897.308367,5216.872434,5160.889141,5518.4232,5951.863413,6468.944767,6903.145806,6967.364955,7065.460372,6849.455933,7016.380071,7317.486143,7597.288894,8080.968623,7274.517731,7687.462963,8516.280039
Denmark,DNK,26891.44645,27011.37746,29569.66036,27597.97523,29995.57962,35351.36546,35650.71409,32835.93994,33368.14242,33440.79481,30743.54768,30751.65435,33228.69354,40458.7774,46511.59833,48799.8256,52026.99951,58487.05497,64322.0635,58163.27688,58041.39844,61753.64713,58507.50805,61191.1937,62548.98473,53254.85637,54663.99837,57610.09818,61591.92887,59775.7351
Dominican Republic,DOM,991.6148411,1351.2985,1566.529623,1733.399536,1905.943496,2127.748089,2293.754381,2476.060403,2638.31327,2653.225124,2869.178139,2977.43451,3110.325447,2418.350422,2487.329061,3932.784407,4109.033591,4707.795052,5087.983213,5039.403122,5555.392014,5913.426649,6110.366576,6238.132367,6608.825501,6921.520594,7280.88361,7609.353275,8050.644076,8282.117131
Algeria,DZA,2408.822985,1731.62137,1776.028278,1807.297451,1507.886663,1452.278434,1603.940302,1619.797749,1596.003926,1588.348908,1765.027146,1740.606654,1781.828908,2103.381291,2610.185422,3113.094883,3478.710002,3950.512993,4923.631615,3883.2709,4480.786318,5455.679403,5592.220115,5499.587331,5493.056695,4177.889542,3946.452447,4109.698217,4142.018558,3989.668276
East Asia & Pacific (excluding high income),EAP,415.71915,444.1377414,490.8839599,531.7429947,631.6108291,769.5543622,873.1370793,893.2609478,804.400568,875.9748383,954.9017778,1007.582037,1105.207067,1239.38223,1426.517214,1639.185707,1958.519505,2457.160255,3084.876683,3321.877566,3997.010472,4850.328366,5365.237177,5870.791358,6277.733493,6488.666968,6575.51412,7131.631349,7924.234301,8145.345437
Early-demographic dividend,EAR,908.6142004,939.9729678,1012.328402,1097.245014,1130.505361,1136.291982,1214.966047,1274.072371,1232.541702,1280.024468,1367.827731,1332.241752,1273.345681,1393.669182,1596.393476,1831.756408,2059.478231,2400.675029,2666.196045,2534.644038,3026.307909,3270.243886,3371.759281,3375.246699,3443.018722,3229.299011,3257.391915,3473.462861,3452.378585,3503.439733
East Asia & Pacific,EAS,2599.815831,2893.631461,3120.5333,3446.582309,3856.357245,4327.295724,4121.554814,3896.214515,3449.151265,3814.747578,4089.237805,3769.351953,3796.934757,4141.933433,4610.661561,4882.912163,5137.184966,5699.916624,6525.463849,6669.320956,7717.81117,8886.951909,9432.51315,9463.486973,9686.883505,9579.474371,9845.914175,10442.8595,11297.6018,11478.03313
Europe & Central Asia (excluding high income),ECA,2385.813051,2302.949087,2118.679862,2093.002226,1811.343848,1942.348428,1960.08975,2036.581526,1908.550816,1603.49905,1787.934362,1777.257653,2037.875656,2569.422995,3399.625973,4307.038584,5279.33902,6826.28003,8430.33429,6595.337357,7836.433512,9626.438555,10149.01298,10717.66036,9927.558277,7557.499695,7189.28646,8026.773317,8213.360066,8343.550431
Europe & Central Asia,ECS,10485.05875,10783.53235,11542.68077,10568.11329,11024.78179,12707.84845,12950.03772,12259.94612,12562.26896,12405.30176,11664.93027,11778.81087,12848.22937,15606.45744,18138.46159,19256.30403,20785.3319,24199.24032,26470.65637,23190.12954,23666.46742,26171.65788,25133.27982,26143.50033,26368.36152,22619.69884,22446.16875,23670.07971,25290.33145,24906.43673
Ecuador,ECU,1489.529946,1622.208088,1688.504752,1727.755003,2026.113077,2132.906783,2155.51815,2356.369857,2293.889735,1578.934298,1445.279324,1894.616196,2172.101877,2425.851842,2691.277685,3002.138604,3328.884156,3567.837186,4249.01897,4231.619235,4633.591284,5200.555108,5682.046108,6056.331213,6377.093929,6124.490887,6060.092962,6213.503127,6295.934662,6222.524653
"Egypt, Arab Rep.",EGY,765.6420055,651.0775476,713.4525483,777.8577351,849.4524991,965.1108694,1063.333044,1208.71992,1281.396914,1343.551963,1450.476242,1378.203383,1191.103239,1102.468199,1062.158092,1186.393313,1397.43669,1667.317998,2044.527804,2331.26884,2645.968759,2791.810766,3229.68563,3262.657586,3379.557986,3562.932658,3519.87324,2444.290387,2537.125185,3019.092283
Euro area,EMU,18893.00803,19552.16745,21471.77499,19567.24812,20595.13531,23695.30645,23913.59615,21810.20977,22381.04798,22212.64418,20165.90093,20433.14173,22109.0758,27135.14446,30950.46676,31937.70546,33768.58945,38668.58854,42184.61214,38429.89084,37569.57935,40604.81741,37598.00965,39109.30844,39859.68207,34374.49361,35139.82359,37062.14036,40038.18717,39188.63654
Eritrea,ERI,175.3617791,200.7203001,211.3320034,208.9994799,239.6680867,262.2305348,315.7506824,312.724395,337.8865923,307.9099092,308.1341868,316.8239534,293.9556724,334.5855715,407.769077,388.5959475,415.0360305,439.8321034,450.6323989,595.1099872,501.355317,642.5082588,584.0588115,621.1061693,655.3522932,689.097306,722.5648712,749.3010533,776.6898896,811.0995982
Spain,ESP,13804.87679,14811.90282,16112.18892,13339.90856,13415.287,15471.96272,16109.0844,14730.79718,15394.35146,15715.33227,14713.06571,15355.70317,17025.53198,21463.44266,24861.2828,26419.29686,28365.31349,32549.97098,35366.2596,32042.47408,30502.71971,31636.44631,28324.42934,29059.54795,29461.55033,25732.01836,26505.34322,28100.58624,30349.7521,29555.3157
Estonia,EST,1510.603153,1886.341642,2188.112429,2390.490995,2413.107168,3134.389753,3380.926302,3682.952301,4093.392477,4140.936602,4070.609024,4505.858332,5341.628947,7203.523038,8914.103557,10412.64431,12639.40007,16744.58445,18204.96648,14711.73527,14663.04461,17464.92008,17404.2008,19050.58592,20234.11742,17395.04062,18282.92339,20387.28315,23052.30126,23397.12001
Ethiopia,ETH,254.2432622,271.3943735,204.0501815,165.693228,125.5495813,134.3429602,145.1669013,141.5086199,125.0761411,119.6840763,124.4607909,120.7657837,111.9272251,119.490396,136.46625,162.4327286,194.6874329,244.2860523,326.4368228,380.5690032,341.5541227,354.4795719,467.0778718,499.5315302,566.9264029,640.5419231,717.1248698,768.5230154,771.5248663,855.7608852
European Union,EUU,15454.96299,15972.32279,17510.45527,15933.20689,16835.65334,19464.94765,19750.71452,18089.0601,18616.21668,18477.33897,16910.40445,17185.9603,18682.6495,22923.65291,26266.16538,27335.76776,29072.61293,33554.45423,36920.8485,33369.38985,32943.06331,35716.16003,33160.51626,34569.64745,35245.85973,30474.49755,31168.43604,33023.7909,35737.30125,35083.80749
Fragile and conflict affected situations,FCS,1023.143328,598.9596778,587.8791362,546.9361578,534.1090877,625.5627873,642.2694458,711.3740152,704.0544727,765.3607521,875.7538231,841.3033204,797.8046026,806.3656672,989.1751152,1208.955087,1453.248337,1730.692536,2155.119725,2005.833944,2296.709859,2042.129223,2249.296816,2281.140927,2414.418207,1878.713408,1656.735971,1657.340925,1770.231058,1828.649338
Finland,FIN,28364.64508,25484.73929,22319.05946,17608.81239,20301.33309,26271.59981,25783.45049,24691.87281,26009.26949,26177.34798,24285.46682,24946.18919,26869.6749,32855.13263,37702.84538,39040.28888,41188.0937,48414.84509,53554.03892,47293.99283,46459.97325,51081.99767,47710.79022,49878.04324,50260.29986,42784.69836,43784.28396,46297.49635,49964.49991,48628.64176
Fiji,FJI,1835.123058,1881.761794,2058.379603,2167.095454,2384.726456,2540.980879,2713.827761,2636.67216,2066.068854,2401.686422,2069.317455,2030.246351,2248.714191,2818.91392,3311.159895,3627.632856,3715.932657,4040.152119,4167.694935,3362.820495,3652.535933,4371.447385,4591.577015,4840.72727,5605.609148,5390.714207,5651.272721,6101.02389,6317.41372,6175.890653
France,FRA,21793.83554,21675.06499,23813.71225,22380.10775,23496.52015,26890.21762,26871.83127,24228.94639,24974.27386,24673.20305,22364.02939,22433.55498,24177.33556,29568.3888,33741.26192,34760.18502,36443.62631,41508.43269,45334.11796,41575.42196,40638.33525,43790.72602,40874.70039,42592.93539,43011.2631,36638.18493,37037.37419,38685.25849,41572.48501,40578.64429
Faroe Islands,FRO,5730.432721,8175.68917,10308.83499,12138.27521,13439.12455,14697.34835,16547.43184,18056.00077,24035.28964,24129.41289,22651.86198,24418.70328,26731.65857,31493.31915,35467.17547,36198.54377,41521.67506,47885.69888,50863.95379,47441.91598,48541.40119,52092.60338,49459.71723,54843.31929,59433.83457,52400.29728,56854.10265,59993.09063,62918.14619,64225.2649
"Micronesia, Fed. Sts.",FSM,1528.493105,1682.543861,1756.652792,1909.510014,1909.836839,2060.494723,2017.659333,1904.863883,2022.74458,2042.707086,2171.889577,2248.492115,2265.944108,2295.868178,2253.113745,2358.1467,2406.114412,2458.658394,2541.261625,2721.97609,2885.305492,3009.256825,3131.386715,2994.792394,2971.512602,2906.617012,3014.700358,3289.642117,3568.291016,3585.392449
Gabon,GAB,6268.918008,5536.998373,5578.038555,4252.065348,3963.879297,4570.571304,5116.196625,4667.193121,3831.780668,3888.879467,4135.99238,3993.031336,4141.434366,4933.46217,5739.613204,6891.36192,7221.369877,8458.309179,10254.17196,7721.018953,8849.322608,10809.68495,9813.505747,9683.58162,9663.42411,7384.700704,6984.419712,7230.434912,7959.007267,7766.996554
United Kingdom,GBR,19095.467,19900.72665,20487.17079,18389.01957,19709.2381,23206.56856,24438.53117,26742.98485,28269.32251,28726.85721,28223.06757,27806.44882,30049.89632,34487.46757,40371.71083,42132.09072,44654.09692,50653.25691,47549.34863,38952.21103,39688.61497,42284.88449,42686.80005,43713.81412,47787.2413,45404.56777,41499.5557,40857.75558,43646.95197,43070.49836
Georgia,GEO,1614.648226,476.7223897,519.1519798,547.3348931,519.8575812,578.3446099,689.0594414,807.0322858,851.5259582,673.5434387,749.908535,801.9904139,853.5164537,1010.00798,1305.047486,1642.760938,1996.057129,2635.353882,3324.735879,2822.66743,3233.295943,4021.743306,4421.818242,4623.745725,4739.188338,4014.185944,4062.169888,4357.000936,4722.787783,4697.983652
Ghana,GHA,398.6370811,433.7732648,409.7463898,370.4194549,328.7445269,379.9879849,397.135755,384.7963283,407.523237,410.3340116,258.4710399,269.0149848,304.564636,367.8213621,417.5080667,492.5440562,913.3938493,1081.166318,1217.064435,1077.662058,1299.345212,1549.462719,1587.560932,2361.090324,2012.264247,1774.074771,1971.956935,2074.290733,2260.860567,2246.625578
Guinea,GIN,419.8098708,461.3753125,489.0716041,475.426317,477.7624592,508.1015161,518.3656626,493.8221614,456.4914841,429.7196923,363.4822793,336.1540207,343.6026312,393.7396899,407.3009759,322.41554,453.4037133,659.992931,715.0965267,674.0854826,672.4249304,651.1361134,717.0505359,769.0031667,787.2385644,769.2554754,732.2915119,855.5752706,955.1112811,1058.143368
"Gambia, The",GMB,331.8177403,695.4109885,695.1553715,711.726181,682.2141569,696.4495843,728.6690719,669.401096,678.6761783,637.9390629,594.1493885,505.4216361,411.7718939,335.906217,642.7562183,665.7202157,662.3628772,780.3810509,924.5098746,833.2813604,860.6364339,762.7631177,742.7776286,700.5160422,607.4299047,660.7235712,690.7804932,679.7550717,732.7207273,772.0459142
Guinea-Bissau,GNB,250.149442,257.7891756,221.7991653,227.0232453,220.9604242,233.2432587,243.4382959,237.1300773,178.8483647,190.6723062,308.9103184,319.9574494,333.0585793,372.0561949,405.0751184,436.4752202,430.0039403,493.7219932,599.9952372,559.4145709,558.1746681,703.6605673,616.375664,634.6620391,623.3130914,603.3993815,661.4578387,738.5499449,802.7673851,749.453747
Equatorial Guinea,GNQ,267.4680729,256.2263358,301.177109,294.0705049,210.4095434,285.5525482,450.6460023,824.5510831,663.7247513,1067.643955,1725.557584,2313.165937,2744.191483,3618.544476,6152.131238,10963.40638,12857.36882,15908.41119,22942.6101,16668.1217,17288.8426,21641.6939,21711.15159,20390.73727,19394.08066,11283.39805,9250.316493,9667.857801,10005.61679,8419.933336
Greece,GRC,9600.185235,10188.36978,11176.45842,10401.98301,11091.28385,12959.32429,13749.11511,13427.83251,13472.13761,13245.18944,12042.95371,12538.17887,14110.31337,18477.57836,21955.10414,22551.73577,24801.15778,28827.32639,31997.28202,29710.97023,26690.60742,25450.53412,21914.25173,21781.59535,21587.95755,18076.60676,17911.79938,18536.19072,19747.34258,19133.75776
Grenada,GRD,2886.998204,3117.889831,3192.231908,3153.818283,3272.553373,3411.96696,3632.678677,3861.397822,4370.618317,4705.790063,5056.977259,5041.012235,5213.795649,5682.705378,5741.653658,6645.985549,6658.223586,7212.986819,7832.349081,7290.834938,7258.166561,7291.74167,7444.089075,7789.632355,8370.040472,9096.538652,9628.259169,10152.83281,10466.88221,10827.43529
Greenland,GRL,18326.80512,18315.1963,18768.93014,16797.45886,18123.96303,21665.7019,21422.35754,19145.49604,20496.66137,20170.43842,19004.10729,19275.47334,20652.87833,27459.76278,32023.45221,32489.78191,35458.12312,39780.95144,44367.05565,44918.56488,43988.33249,47186.98147,45936.76595,47535.58995,50484.92757,44536.40131,48181.87419,50765.69565,54270.82231,53041.30331
Guatemala,GTM,845.3069621,1011.754966,1093.962908,1164.374025,1293.470198,1424.682543,1487.607658,1649.001602,1755.849582,1619.510736,1664.298958,1550.360366,1682.994501,1737.879287,1859.098363,2068.500129,2251.087963,2490.749127,2802.461962,2651.817123,2852.547327,3228.045741,3355.036919,3522.773706,3779.642336,3994.636913,4173.301666,4454.04815,4478.424646,4638.634943
Guam,GUM,6741.637798,7993.927906,9243.588738,10564.20955,11879.80823,13058.91618,14144.40748,15517.10494,16885.56014,18136.16926,19413.00039,20739.03984,21594.03969,22628.27869,24472.78202,26596.21479,26713.05839,27680.54996,29288.78186,30320.53859,31040.0843,31210.47029,32908.30677,33656.45357,34843.20557,35829.25036,36214.00692,36601.91988,36556.67491,38040.58699
Guyana,GUY,533.5383588,468.1583109,499.0317093,602.1438729,712.7128542,816.5354249,927.1885834,988.3413168,951.9124771,926.7403362,954.4003181,955.6653806,974.9491933,997.2113729,1056.423886,1105.506825,3188.67316,3658.479967,4050.786237,4233.766143,4580.698762,4908.566448,5378.810878,5489.140726,5407.147366,5576.825852,5811.397924,6124.95367,6145.819277,6609.51128
High income,HIC,18902.3367,19833.19839,21205.52734,21200.18222,22653.95559,24946.59136,24990.56342,24401.11861,24331.37307,25402.39079,25762.62074,25346.31223,26232.13912,29219.49349,32302.79675,33925.20664,35552.58867,38564.24141,40653.00221,37841.97439,39411.98493,42348.81608,42143.61159,42400.67327,43066.08537,40474.32281,41112.5094,42754.56422,45240.56275,45462.37168
"Hong Kong SAR, China",HKG,13485.54489,15465.85886,17976.42938,20395.51737,22502.57974,23497.49231,24818.15455,27330.03335,25808.97095,25091.6666,25756.66378,25230.21633,24665.89,23977.01945,24928.10037,26649.7508,28224.21506,30594.01784,31515.66277,30697.34038,32549.99823,35142.48793,36730.8767,38403.77771,40315.28556,42431.88828,43731.10682,46165.85651,48542.68187,48354.47337
Honduras,HND,993.4832532,911.7549816,942.6129447,913.3016313,836.6023818,936.6676543,887.6926123,948.9547702,1023.460734,1002.716922,1080.510472,1120.54996,1122.0886,1145.497946,1204.479826,1296.694784,1420.134396,1572.064888,1727.793682,1777.272802,1891.158589,2073.90437,2129.521439,2088.097206,2190.653139,2286.203037,2326.297278,2436.671636,2492.868968,2556.456891
Heavily indebted poor countries (HIPC),HPC,394.1055388,387.0064225,350.5021911,352.7778454,290.7483434,329.5992233,347.3867031,352.0047076,362.5548776,354.5446478,373.9940405,353.5007476,369.8821147,406.9231945,455.8995432,509.3690787,584.1561338,681.3381489,788.2798173,764.3904931,808.8911135,871.5656175,877.2297811,957.3026299,984.8718396,919.2472643,905.3437711,948.7389983,984.8605238,985.1862838
Croatia,HRV,4233.460633,4490.063076,4603.316686,4593.563122,4412.750467,4917.085371,5283.005005,5312.369502,5691.10952,5246.935968,4887.713716,5412.925136,6293.225299,8129.794584,9747.440771,10621.50746,11797.47447,14046.31681,16416.58681,14653.04355,14067.52312,14757.18034,13401.65662,13837.73164,13762.37286,11933.37738,12527.73986,13629.28959,15227.5601,15311.7669
Haiti,HTI,439.944188,483.8736354,308.3713974,251.7528877,285.1188538,363.2655445,368.6318638,415.7707421,455.5418961,499.3029687,805.0256325,735.5211179,692.0301629,542.3335961,667.2825464,781.2766578,804.5245119,1002.888487,1086.938192,1183.604854,1191.972664,1287.95465,1337.335946,1432.837618,1435.13647,1386.854191,1290.380508,1369.063734,1479.345827,1312.770636
Hungary,HUN,3371.017002,3350.258323,3735.10582,3873.987723,4173.373024,4494.707624,4525.039103,4596.182622,4744.212264,4793.478522,4624.281657,5276.033189,6655.333009,8421.103313,10303.70419,11225.93258,11493.10041,13944.97101,15777.19202,13081.79264,13223.083,14240.2575,12989.18028,13719.95054,14298.83367,12720.71202,13107.37791,14623.69665,16427.37276,16735.65978
IBRD only,IBD,1012.921248,967.019992,1008.857546,1074.799028,1172.544589,1312.453553,1414.092071,1479.703001,1418.369805,1364.358704,1467.358317,1468.549605,1474.477828,1639.769755,1933.980895,2288.360687,2684.99236,3302.855843,3924.588682,3769.580983,4533.330688,5298.859254,5574.113723,5827.101629,5963.150601,5534.678566,5526.653885,6042.981493,6366.562673,6461.334545
IDA & IBRD total,IBT,897.7492135,858.835193,888.6983171,936.0900943,1010.556685,1129.732854,1216.879361,1268.426117,1217.362952,1173.363176,1260.693019,1257.604721,1265.071417,1401.630754,1646.572127,1938.959604,2269.440335,2769.660861,3279.65418,3145.777913,3752.443033,4322.63907,4532.169193,4733.563475,4841.12191,4494.164375,4461.24653,4840.465332,5080.875749,5144.345338
IDA total,IDA,417.0219873,412.0794698,398.7878794,377.2692962,365.368136,410.8777732,450.6619777,457.1667898,455.1304226,458.2788704,496.8187461,487.7719452,511.2894778,555.3974415,638.3937833,729.0215258,849.4420799,971.0271368,1132.840381,1096.525575,1220.825083,1197.321062,1235.892217,1315.019453,1375.944351,1320.367091,1253.714436,1268.089953,1313.77412,1340.363459
IDA blend,IDB,525.3177332,513.4515564,502.2965662,439.8904838,430.6024472,491.958782,529.1356259,526.5330653,506.7952102,516.4811167,573.9044106,559.586335,604.1624192,663.8657565,789.5249156,922.292226,1127.15712,1269.35991,1472.55756,1363.480435,1556.516042,1742.465182,1882.605861,1997.368605,2093.658472,1972.077087,1795.212451,1723.164886,1759.496365,1777.851069
Indonesia,IDN,585.0765629,631.7828578,681.9383856,827.9052662,912.2032939,1026.393436,1137.410101,1063.712376,463.9481582,671.0986097,780.1902047,748.2576087,900.1775881,1065.64852,1150.261367,1263.287332,1589.801489,1860.002811,2166.854231,2261.247309,3122.362673,3643.047176,3694.35934,3623.927241,3491.637491,3331.695115,3562.816334,3837.578024,3893.859578,4135.201531
IDA only,IDX,362.5636849,361.3269133,346.8353766,346.8575654,333.5497937,371.0869679,412.4668901,423.7366513,430.9062698,430.6394074,459.5371901,453.2216566,465.9451661,502.3081951,563.8394158,633.306567,710.9379511,822.4632655,963.6435416,963.6745149,1053.206883,923.4997307,910.2999682,970.9416978,1013.490207,990.8457394,979.6875448,1037.689587,1088.072474,1118.853957
Isle of Man,IMN,3640.992662,5685.855112,7673.092377,9208.875294,10390.55049,12681.61415,14036.08285,15991.22782,18450.48294,20624.8028,20322.68202,21351.11694,24864.43629,29522.27779,35494.66734,37766.67954,42107.83723,54196.30173,70986.30133,65029.01975,69767.34336,77349.22524,79148.33225,83357.13268,92334.64631,85126.97047,82197.12677,83477.83429,89112.66772,86481.55259
India,IND,367.5566089,303.0556077,316.9539272,301.1590023,346.1029514,373.7664808,399.9500747,415.4937978,413.2989322,441.9987604,443.3141938,451.5729973,470.9867868,546.7266135,627.7742417,714.8610154,806.7532806,1028.334772,998.5223415,1101.960838,1357.563727,1458.104066,1443.882435,1449.610451,1573.885642,1605.605445,1732.554242,1980.66702,1996.915087,2100.751461
Ireland,IRL,14031.30257,14087.20744,15714.38475,14657.06155,15902.92968,19158.45648,20835.89771,22551.11391,24294.85477,26329.21443,26269.18162,28257.93859,32550.27907,41112.74822,47666.54708,50914.03129,54283.68178,61318.46603,61103.51347,51927.23096,48607.94052,52108.83323,49028.82739,51518.3881,55525.89725,61987.551,62818.96636,69601.68388,79068.97461,80886.61574
"Iran, Islamic Rep.",IRN,2214.327688,1111.111379,1208.752123,1067.307587,1185.686421,1569.255447,1932.805016,1804.336763,1723.835367,1756.896803,1670.009674,1909.412306,1911.678649,2253.935835,2756.198822,3246.051122,3774.358055,4904.666183,5717.314148,5709.948293,6599.660938,7781.405801,7927.844908,6018.3229,5585.525604,4904.327315,5253.42656,5520.314782,3598.483454,3114.622753
Iraq,IRQ,10356.90305,22.79534531,30.08638701,54.44157978,204.2723883,639.9231244,502.028676,968.5291421,932.3097306,1617.467894,2058.264401,1494.388802,1320.734706,854.8252808,1391.963489,1855.522348,2373.209448,3182.841351,4636.639325,3853.82862,4657.280269,6045.494567,6836.073995,7076.552265,6637.684375,4688.318017,4550.658638,4985.452879,5915.850854,5980.626918
Iceland,ISL,25384.91475,26802.98932,27124.27427,23579.79514,24018.63118,26633.59114,27614.87334,27919.16355,31030.0536,32381.62524,32096.37226,28897.44394,32409.21615,39476.69785,47334.93065,56794.85016,57492.93425,69495.72674,56943.37045,41301.27322,43237.07295,47714.59223,45995.54788,49804.983,54576.74481,52951.68151,61987.92636,72010.14903,74469.80406,68941.46223
Israel,ISR,18083.85769,18045.45911,18293.23355,18838.7197,19093.74536,18143.4991,19357.10935,19663.03842,19427.07799,19129.19479,21061.48228,20316.24805,18439.64616,18991.37985,19910.61067,20585.13861,21853.14024,24952.54759,29650.77025,27780.46372,30780.02382,33775.512,32667.60687,36499.45611,37847.64994,35808.43643,37330.2618,40774.12961,42063.45313,43951.24773
Italy,ITA,20825.78422,21956.52977,23243.47453,18738.7639,19337.6309,20664.55227,23081.60468,21829.34582,22318.1373,21997.62432,20087.59199,20483.21599,22270.14412,27465.6753,31259.7165,32043.14037,33501.65817,37822.66524,40778.34274,37079.75867,36000.52012,38599.06221,35053.52624,35549.9747,35518.41529,30230.2263,30939.71425,32326.67421,34605.26273,33641.63375
Jamaica,JAM,1897.690884,1683.331431,1436.567481,2189.528292,2173.165848,2596.010121,2889.781119,3250.895306,3368.194716,3375.674975,3392.123878,3437.655517,3609.203331,3480.511665,3733.798671,4103.601637,4331.292053,4623.747897,4928.126409,4335.178411,4704.04776,5111.465987,5209.859264,4989.734089,4834.284009,4907.927415,4843.7499,5070.099503,5359.993789,5369.498371
Jordan,JOR,1166.61093,1155.234236,1335.287511,1334.228922,1414.338911,1466.044512,1463.887967,1494.510627,1600.397931,1619.535865,1651.621798,1720.361427,1802.055064,1876.259338,2044.963723,2183.394643,2513.028732,2735.378767,3455.769953,3559.692102,3736.645462,3852.890025,3910.346894,4044.426869,4131.44735,4164.108769,4175.356602,4231.51828,4308.151074,4405.487109
Japan,JPN,25371.46417,28915.0082,31414.98464,35681.96394,39933.51506,44197.6191,39150.03963,35638.23196,32423.75561,36610.16832,39169.35957,34406.18246,32820.79364,35387.03742,38298.98017,37812.89502,35991.546,35779.02454,39876.30397,41308.99684,44968.15623,48760.07895,49145.28043,40898.6479,38475.39525,34960.63938,39400.73936,38891.08627,39808.16856,40777.6087
Kazakhstan,KAZ,1647.463243,1514.923094,1515.737659,1429.078177,1316.183629,1288.188519,1350.30567,1445.503237,1468.669291,1130.117844,1229.001247,1490.92709,1658.030785,2068.123979,2874.288483,3771.278957,5291.575305,6771.414797,8458.017154,7165.223175,9070.488253,11634.0012,12386.69927,13890.63096,12807.26069,10510.77189,7714.841844,9247.581331,9812.626371,9812.595808
Kenya,KEN,361.3282651,332.4188107,324.1373782,220.0697184,265.2323057,325.7789291,421.3391971,445.8772551,465.909801,414.6793098,397.4826588,395.3294716,389.5426302,429.787819,451.6687666,511.6163943,685.9544229,825.666555,902.0699578,1035.338787,1080.296184,1085.487152,1271.815383,1354.820833,1462.220052,1464.554009,1525.235192,1633.491216,1794.091175,1912.647867
Kyrgyz Republic,KGZ,609.1728912,575.6439745,513.0359437,449.0657902,372.30781,364.2264974,394.8601215,376.4296133,345.1381316,258.0492288,279.6195693,308.4096116,321.7270332,380.5064324,433.2349766,476.55213,543.1107024,721.7686908,966.3936272,871.2243893,880.0377751,1123.883168,1177.974735,1282.437162,1279.769783,1121.082835,1120.666513,1242.769643,1308.140165,1374.032105
Cambodia,KHM,268.1006903,272.6716193,274.2004787,254.1166348,270.5429401,322.9315754,319.2863136,304.7647688,268.9903722,295.9031784,300.613679,321.1502236,338.9874773,362.3354822,408.5136388,474.1111921,539.7503289,631.5252576,745.609127,738.0547312,785.5026671,882.275614,950.880346,1013.420536,1093.495976,1162.904995,1269.591499,1385.260066,1512.126989,1643.121389
Kiribati,KIR,549.9010785,644.7808349,638.4896458,619.7200492,715.1950992,724.9218715,842.9911892,842.2392327,801.0843947,832.0247088,796.8032036,735.0691064,826.9168653,1015.667006,1131.152504,1214.635603,1168.473302,1374.395199,1428.134977,1312.023443,1516.76323,1734.903839,1788.691439,1715.814321,1642.820129,1542.616465,1584.738015,1640.571205,1727.845001,1601.861869
St. Kitts and Nevis,KNA,5396.40485,5461.497752,5950.628813,6411.014695,7092.105802,7450.274145,7862.696469,8741.659658,8866.566371,9320.881307,9565.949909,10283.0328,10650.84515,10270.60416,10942.72823,11679.40971,13614.41512,14429.55024,15592.87088,15388.44344,15510.19915,16539.76901,16046.48694,16685.94759,18051.17903,18028.97343,19541.12783,20384.74788,20567.49911,22046.68991
"Korea, Rep.",KOR,6610.036508,7636.982429,8126.67039,8884.928319,10385.33617,12564.77813,13403.04959,12398.48003,8281.699982,10672.41793,12256.99357,11561.24837,13165.06574,14672.85747,16496.12009,19402.50263,21743.47745,24086.41044,21350.42798,19143.85161,23087.22564,25096.26388,25466.76052,27182.73431,29249.57522,28732.23108,29288.87044,31616.8434,33422.94421,31936.79635
Kuwait,KWT,8794.606046,5419.588163,17015.33447,16809.67931,16105.87001,16932.08504,19358.37054,17748.84942,14166.16413,15435.13113,18440.37852,16587.24865,17846.37616,22148.37815,27011.654,35591.03713,42781.56475,45782.14857,55494.9301,37561.72593,38577.49828,48631.7834,51979.12069,49388.05338,44062.34091,29869.55275,27653.15762,29759.46747,33399.06044,32373.25112
Latin America & Caribbean (excluding high income),LAC,2424.681003,2547.222051,2718.234852,3146.577726,3673.470756,3866.871591,4152.318498,4458.565265,4410.877914,3853.839511,4198.206308,4025.234919,3572.771294,3606.797013,4063.210728,4856.203551,5604.948965,6544.898788,7484.521177,6877.136137,8504.575657,9820.721079,9674.231156,9829.893489,9776.346543,8240.814501,7930.901915,8744.995172,8408.174698,8226.236324
Lao PDR,LAO,203.2560175,234.7643383,250.6044968,287.3948429,325.9416118,363.8800524,378.4286058,345.9218442,248.8390915,277.810213,325.1869371,326.9417867,320.0614597,362.8214135,417.9291685,475.6107962,591.000192,710.3764067,900.7387639,949.1783811,1141.235703,1378.498492,1581.62871,1831.936916,1999.958203,2140.044323,2324.400917,2455.211559,2569.093892,2635.800015
Lebanon,LBN,1012.648216,1605.371904,1899.65101,2446.527693,2820.486187,3321.297267,3791.607617,4305.641769,4669.585388,4640.384413,4491.641934,4422.389292,4579.459593,4576.387617,4630.790585,4575.107459,4626.853003,5207.792723,6111.327281,7354.953605,7761.641489,7675.30894,7952.151266,7933.23332,7687.759336,7663.920232,7653.73363,7819.60467,8058.444337,7578.172368
Liberia,LBR,206.3011187,204.889663,209.5443738,217.9254233,237.4606637,244.3034677,249.7761359,249.8231846,245.7628669,239.4349217,306.8338642,306.7102516,306.4739396,243.0895775,286.0647253,294.8932201,336.1156743,396.6017613,478.3995401,470.9481214,513.4455667,596.8966353,675.0101918,747.8686601,739.911935,721.5810505,740.914906,721.085044,710.2659984,672.3404992
Libya,LBY,6514.318567,7040.776294,7284.917153,6447.143282,5892.622467,5161.685428,5536.866066,5998.160438,5243.596535,6819.039576,7142.771786,6266.489821,3703.042952,4673.145576,5800.588826,8163.00937,9336.353498,11300.19323,14382.59529,10275.26154,12064.77291,5554.180053,13025.27932,10363.80425,6466.908237,4337.919139,4035.196802,5756.699325,7877.12461,7685.948132
St. Lucia,LCA,4199.636497,4383.566572,4755.104291,4775.489985,4919.380367,5194.782925,5300.354676,5340.086973,5733.826989,5947.891784,5950.047485,5642.748904,5646.456535,6150.921369,6591.645501,6949.204173,7669.21347,7969.797993,8456.694632,8137.750991,8540.07098,8983.743733,9086.387955,9378.985047,9843.308534,10093.61802,10362.35166,11034.62985,11353.71521,11591.08048
Latin America & Caribbean,LCN,2506.949535,2643.1228,2835.089867,3233.10136,3731.391572,3985.984241,4243.109905,4578.002755,4548.252393,4042.79653,4399.835065,4245.033804,3759.810916,3785.984281,4308.35076,5145.03999,5956.998486,6934.945561,7965.300248,7401.662774,9074.472509,10203.75313,10198.04799,10340.07607,10433.36483,8630.85569,8352.056223,9188.21003,8905.581337,8705.117098
Least developed countries: UN classification,LDC,299.7754716,294.7208261,266.5857611,264.9959456,240.5060029,270.4339895,290.5218073,297.9754273,295.6491819,296.0784127,331.2848531,315.6843635,333.9204779,365.0252318,411.8020045,475.1181296,537.9963729,630.8469607,751.8666646,731.6063426,805.3063139,906.3444371,930.2300523,995.6501126,1048.004255,1005.364713,971.750509,1039.597402,1053.010576,1071.583498
Low income,LIC,381.4324197,384.1213982,360.1664428,366.4222847,350.7121273,384.402585,414.4636452,433.331381,432.5183891,427.9952517,486.8100825,472.735237,492.4827678,522.8954845,595.9729082,690.4891844,777.947175,910.7096794,1060.481831,1043.554173,1125.394877,765.851899,710.3543146,712.4230939,744.4299767,715.9337401,646.1046361,665.3024541,674.3506031,692.1752812
Liechtenstein,LIE,49373.61027,50886.37531,55197.54701,55794.32733,64051.23221,78631.69911,79863.27908,72208.93467,76757.30022,81307.06837,74853.93873,74287.41337,79345.75247,89859.86537,100289.243,105399.2605,114374.2465,130655.637,143264.0594,126096.6104,141192.5347,158130.4575,149010.2249,173030.2083,178864.8519,167313.2663,165642.3863,171253.9643,180366.7152,175813.8756
Sri Lanka,LKA,463.6187388,513.2584475,547.0545344,576.7798839,647.5791564,714.2332315,756.6569905,817.0644817,850.8116039,838.8834628,869.696285,832.8035723,867.4914868,982.195697,1065.784437,1248.698185,1435.816813,1630.388906,2037.322103,2090.401826,2799.648738,3200.861132,3350.521876,3610.289363,3819.25353,3843.780672,3886.291502,4077.043841,4059.20823,3852.265603
Lower middle income,LMC,511.9822537,471.8260357,490.1928291,485.2535932,512.9819379,571.2190862,626.104443,628.0989224,561.9086144,596.2425243,616.5181409,619.4216724,651.0138692,735.5899925,839.305322,959.6531465,1119.888434,1353.266558,1508.768969,1509.029818,1806.542548,2030.275835,2098.934416,2105.310154,2157.087989,2081.018535,2139.539533,2268.424167,2267.546848,2354.578725
Low & middle income,LMY,874.1020423,826.6099963,850.7115616,897.8871834,969.7442517,1075.982451,1159.937929,1207.962159,1153.190606,1111.768428,1196.878933,1191.364259,1205.304134,1340.09333,1570.042074,1845.436879,2160.797359,2638.478221,3116.842209,3002.528475,3590.199051,4166.144593,4372.930229,4573.989021,4666.54154,4371.286749,4339.347951,4705.596406,4933.137291,4999.985276
Lesotho,LSO,350.0587845,404.1982497,466.2747021,458.5533069,471.8420449,527.6998379,489.1310607,507.0978889,464.804531,451.9269342,436.4881373,405.6057121,382.1896086,573.6517781,753.3759044,842.812631,904.6061298,846.5423208,889.1342855,874.7298605,1119.843641,1287.269536,1229.636232,1166.911756,1194.575627,1146.064688,1018.931093,1102.94441,1192.48432,1113.37214
Late-demographic dividend,LTE,1053.223916,1048.135696,1062.017497,1094.252969,1257.998784,1542.068069,1684.139346,1746.555224,1666.232609,1526.770837,1663.800104,1707.580586,1797.567624,2034.62959,2430.711187,2914.906198,3495.706797,4377.096384,5406.613065,5192.275641,6195.038989,7500.793814,7966.781249,8525.524444,8789.767912,8188.256837,8156.791158,8992.624769,9805.567547,9945.172444
Lithuania,LTU,709.7413402,1031.563287,1331.746577,1558.334705,1650.048456,2167.792582,2327.434857,2830.278071,3166.666533,3113.17906,3293.229979,3525.793632,4141.592702,5499.428989,6700.327192,7854.765279,9230.707981,12285.44705,14944.99665,11820.77616,11987.50841,14376.94786,14367.70942,15729.65247,16551.0182,14258.22933,14998.12506,16843.69965,19176.81215,19575.76848
Luxembourg,LUX,33465.47821,35747.3378,39570.86157,40066.72425,43933.23544,51032.34964,50444.35912,46641.64088,47445.38108,50855.27168,48538.7829,48398.22929,52754.27325,65544.59195,76404.41504,80957.94128,90712.79929,107338.8652,119932.2437,108987.6776,110777.9079,118869.2999,112591.1162,119966.0349,123514.1967,105419.6085,106826.7264,109921.0314,117197.4817,113218.7133
Latvia,LVA,894.7017059,1163.713481,1428.210169,1637.297529,1763.842197,2329.576733,2431.709,2683.241368,2973.534843,3151.577018,3361.640869,3578.0019,4136.933297,5145.195232,6378.666521,7594.902384,9723.446902,14113.52913,16467.14369,12331.92855,11420.994,13338.96224,13847.33794,15007.49186,15721.45233,13780.91355,14322.02268,15656.34749,17856.30712,17926.84159
"Macao SAR, China",MAC,9442.486665,10647.57154,13564.12522,15304.28709,16704.89883,18277.0425,18244.35896,18107.65985,16595.29338,15649.65887,15835.99101,15665.29797,16424.93211,17921.10457,22568.31017,25183.13268,30121.56043,36550.50516,40810.82804,41010.06826,52473.19099,66891.28197,76572.15179,89260.7571,93022.87514,74818.94813,73545.75824,81019.47377,87526.07999,86197.36569
Morocco,MAR,1206.011886,1266.848894,1299.421278,1199.319104,1326.941452,1432.309836,1561.129611,1396.769667,1472.385983,1447.969193,1334.943464,1339.294077,1416.488396,1725.457466,1952.902534,2018.025547,2196.011276,2499.259938,2890.360715,2866.92411,2839.92612,3046.947854,2912.658275,3121.680081,3171.699192,2875.257985,2896.722196,3035.454433,3226.982794,3235.00066
Monaco,MCO,84303.87843,83721.99142,91670.60401,85397.32656,89378.03979,101866.6041,101212.0026,90833.29746,92999.25345,91283.25659,82365.49236,83724.46591,90506.85951,108656.8026,123523.4932,124197.2754,134048.6219,169966.3069,185785.7259,154775.3808,150737.8925,169016.1961,157520.2194,177673.7454,189432.37,165989.5051,170028.6557,167517.0597,185978.6093,189487.1471
Moldova,MDA,686.0024554,673.6062389,643.058031,606.4479128,564.3240407,593.7661383,575.319576,657.4911903,578.9097663,399.6207703,440.6720307,507.5576584,570.9726454,682.5255088,897.4499588,1034.707058,1183.379211,1531.685476,2111.201495,1899.010117,2437.529978,2942.255949,3045.739874,3322.038436,3328.801449,2732.457113,2880.439281,3509.69345,4230.363037,4491.688827
Madagascar,MDG,338.9477127,272.5249191,301.9969866,320.5639901,269.5607119,284.8227287,354.7413311,297.1150598,297.2536718,279.9212866,293.6071574,334.4416177,319.2163788,368.7972369,284.4877263,319.5374751,338.7511983,438.6555158,536.3514017,467.5397834,471.9592116,531.2654321,518.1528127,541.0659437,530.8610389,467.2354316,475.9555568,515.2933234,523.9459714,522.9895243
Maldives,MDV,963.6356582,1063.783279,1205.712591,1329.031959,1432.17689,1569.932617,1737.733635,1926.286035,2011.944337,2154.268226,2234.595861,3038.781417,3049.207981,3476.006273,3941.431136,3640.012132,4809.93374,5574.401981,6614.23618,6636.543871,7076.739821,7291.465967,7265.723399,7928.476443,8499.307148,9033.41027,9209.443564,9577.346946,10279.07998,10561.61351
Middle East & North Africa,MEA,3150.525273,2147.408586,2305.71936,2285.273669,2356.315148,2585.096162,2862.835873,2952.74938,2832.584333,3017.658257,3318.57082,3240.497035,3163.883187,3442.683666,3988.368112,4704.36999,5385.295133,6241.614578,7619.099178,6740.007246,7702.306735,8345.335022,8850.064248,8558.345188,8433.722377,7269.495916,7161.033137,7309.14272,7502.176788,7458.022736
Mexico,MEX,3112.268595,3661.947965,4170.623383,5650.026286,5854.418117,3928.223711,4412.116298,5289.167653,5481.181954,6157.193044,7157.8145,7544.568723,7593.137345,7075.369643,7484.486399,8277.671564,9068.294218,9642.680517,10016.57121,8002.972178,9271.398396,10203.4213,10241.72783,10725.18359,10928.91601,9616.645558,8744.515559,9287.849587,9686.984927,9950.45008
Marshall Islands,MHL,1660.340633,1704.584427,1849.295317,1996.086538,2152.208547,2382.962699,2194.208578,2194.232256,2229.712447,2267.569122,2272.678016,2389.060707,2515.624045,2457.65454,2431.166018,2471.352046,2537.717206,2646.873996,2704.463554,2662.334015,2846.065542,3046.290071,3181.6247,3246.63025,3185.261354,3199.886846,3490.998389,3672.576783,3793.550983,4073.10983
Middle income,MIC,910.8399996,860.2078609,888.222441,939.0059929,1017.940458,1130.549876,1219.558624,1270.748187,1212.558876,1168.999948,1257.470716,1253.547583,1268.166181,1413.158892,1658.479268,1952.00798,2290.322297,2802.757853,3315.555504,3195.053541,3835.397788,4505.875069,4743.404238,4969.701363,5074.019856,4756.477458,4733.851353,5143.322474,5401.503494,5481.373758
North Macedonia,MKD,2354.275256,2477.683038,1225.373149,1352.028452,1796.227426,2373.384463,2333.327982,1959.560738,1875.817764,1915.393753,1861.898065,1823.023561,1989.135125,2440.476943,2795.899261,3072.678573,3362.968419,4079.391954,4841.251694,4584.709832,4577.688755,5098.097583,4728.308142,5241.058345,5495.735049,4861.553971,5149.589074,5450.492881,6108.740108,6070.388054
Mali,MLI,317.3948274,315.4528143,319.8402047,310.1412016,223.0196004,282.3401438,282.6342119,267.1890164,281.8734093,323.2889034,270.542236,307.7048595,336.4187392,393.4050091,440.9567771,489.0213369,523.0386031,597.4844576,697.0878685,701.7171134,710.2742494,837.605821,778.6252695,805.0339796,848.279043,751.4728866,780.7235695,830.0215153,894.8047765,879.0431873
Malta,MLT,7191.923603,7558.277383,8220.245518,7296.310144,8000.518005,9857.480771,10062.73358,9909.894481,10409.30845,10633.60338,10432.32812,10402.23337,11289.88984,13669.49712,15197.05671,15888.17232,16723.88418,19485.87119,22205.35681,21083.27715,21799.17426,23155.55479,22527.63676,24771.07658,26754.26845,24921.60368,25741.44606,28250.69777,30672.29224,30186.19596
Myanmar,MMR,49.26489079,51.01874105,52.26380214,65.51058315,88.08746963,111.1408136,129.5689382,125.1036891,101.1389517,122.2106391,146.6045788,131.7153072,128.0997081,161.0555236,193.3687658,216.3115014,240.6240142,314.2022942,460.9088892,586.1681802,746.94536,1061.344429,1134.302224,1168.1654,1210.097636,1196.743357,1136.610665,1151.114462,1250.173691,1271.111575
Middle East & North Africa (excluding high income),MNA,2241.412514,1132.138471,1216.723021,1220.540385,1279.82378,1460.052528,1649.361417,1710.409931,1711.898705,1828.294846,1904.949977,1892.547133,1809.616019,1942.429143,2268.073676,2631.704991,2998.719599,3612.11533,4382.011172,4198.695033,4746.483655,4620.920974,4927.381904,4474.403711,4327.537297,3807.580603,3791.302622,3676.931343,3447.444185,3449.765626
Montenegro,MNE,-4372.457801,-3918.899296,-3360.611779,-2736.381032,-2162.905336,-1603.39134,-1008.163143,-472.38004,-80.07738021,304.6762237,1627.072633,1909.598702,2106.635068,2789.159065,3380.165121,3674.617924,4425.678873,5976.394145,7367.751909,6727.107767,6688.4824,7328.932252,6586.721279,7186.429787,7378.345289,6514.272695,7028.936577,7784.06529,8845.914219,8910.650834
Mongolia,MNG,1172.446287,1072.635835,587.3032317,339.5205869,405.9755499,631.920915,580.9100918,505.5923093,477.3341262,444.9945833,474.2170943,524.0540084,571.594979,646.192471,797.9777263,998.829388,1334.212724,1632.727582,2136.562402,1714.361827,2643.287083,3757.565415,4351.888461,4366.089537,4158.521471,3875.321675,3658.3903,3687.100003,4156.84697,4404.84583
Northern Mariana Islands,MNP,34207.59097,33205.41126,32222.1929,31257.32544,30207.5114,29073.71001,28244.37359,27336.88963,26323.72194,25121.80896,24269.31138,23168.09148,21981.78456,21379.02474,21139.06359,18763.15278,17714.63336,16988.13728,17191.1902,14669.52061,14804.24673,13496.75078,13736.97197,14091.19118,15044.9359,16314.38355,21891.18479,27584.74351,22886.67405,20659.64029
Mozambique,MOZ,170.6238761,272.6139075,191.2178344,189.9352925,187.0846016,187.2938682,241.6473879,283.5142141,313.0661607,346.5754492,319.3596208,296.2684069,302.5452337,326.0751909,383.2702219,416.8098242,435.3340633,482.1985636,563.6496343,520.4026316,471.9043433,594.5861471,657.6446765,664.0775104,673.969212,589.85905,428.9266729,461.4150941,503.3179252,506.6416391
Mauritania,MRT,740.7361713,1021.923446,1010.103031,840.2632166,862.2742228,904.0907235,898.5131619,851.4255276,814.1703353,775.2720141,676.5690224,646.1151155,639.6675829,717.8998676,803.7779156,970.8423607,1259.541505,1357.124285,1579.511548,1389.338533,1610.921603,1879.772472,1815.218939,1892.094,1677.109019,1524.071753,1536.854888,1587.611263,1670.204165,1743.302901
Mauritius,MUS,2506.179312,2669.3277,2973.206977,2973.797821,3197.331024,3599.555202,3899.435192,3646.630626,3593.234081,3695.934909,3929.075495,3856.625227,4018.948897,4793.718179,5388.065784,5282.906022,5695.969327,6574.654338,8030.063005,7318.12641,8000.376432,9197.026972,9291.227619,9637.00265,10153.93822,9260.447303,9681.618567,10484.90836,11208.34382,11097.16898
Malawi,MWI,199.9863636,229.5273955,185.7858674,213.2405252,121.2640654,141.9543474,227.5849064,259.4504941,165.8952835,163.6142015,156.3858168,150.1489426,298.4334104,267.3990119,282.5671076,289.5552148,308.1636182,332.2590946,387.6057212,438.2118568,478.6686885,534.9510502,391.5617052,348.4298737,371.2695217,380.5969877,315.7779871,506.1372944,544.5934354,591.8463896
Malaysia,MYS,2441.741991,2653.526169,3113.645677,3433.162787,3728.110481,4329.707998,4798.61177,4637.865661,3263.334883,3492.670125,4043.662923,3913.429386,4165.726104,4461.847325,4952.213958,5587.02478,6209.126167,7243.456801,8474.587762,7292.494973,9040.568495,10399.37021,10817.43171,10970.1043,11319.06194,9955.242722,9817.78709,10259.30481,11380.08209,11432.823
North America,NAC,23645.61431,24086.21645,24967.70632,25765.54155,26925.46151,27891.38744,29105.32086,30518.03962,31691.91778,33319.27356,35155.79564,35831.03647,36674.72878,38400.82056,40777.42867,43360.44653,45738.08549,47660.54833,48229.12621,46495.71874,48387.21093,50123.85358,51717.78701,53068.03255,54648.01934,55542.96607,56451.5175,58605.34429,61391.26977,63342.98218
Namibia,NAM,1947.062911,2029.861549,2260.810359,2090.69179,2303.330555,2443.995853,2398.257439,2446.928578,2236.671502,2193.223615,2185.604115,1950.648536,1808.884899,2621.700395,3464.418226,3739.531717,4059.101348,4405.410399,4212.367197,4295.387143,5394.996712,5806.748246,5942.29274,5392.094938,5469.9014,4896.61526,4546.986688,5367.114674,5588.392864,5009.685904
New Caledonia,NCL,14800.79125,15133.157,16261.95524,15297.04587,16037.02933,18721.05773,18257.21506,16339.80724,17324.25058,17435.74544,16039.16917,15174.27843,16885.8944,21817.31511,25770.53108,26861.69844,29604.05264,36864.85762,37353.7373,35391.08787,37494.89516,40697.65294,37294.02281,38503.25385,39675.56631,32520.29416,32391.19722,33976.55555,36382.48766,34788.52928
Niger,NER,437.589995,396.4169918,395.2751628,344.5340063,211.3864925,242.6203967,244.813779,225.0220766,250.6574617,232.1873864,197.8326834,208.3770599,228.2359086,268.349893,286.4900658,321.7236612,336.2819503,390.2844802,478.502559,464.057999,476.8695322,512.595335,529.7444581,552.569139,564.5967488,484.1531374,500.2149113,517.7715723,570.723922,554.0993893
Nigeria,NGA,567.528649,502.9141389,477.1776238,270.2239667,321.3206741,408.1810448,461.5196196,479.9837641,469.4305487,497.8415739,567.9307221,590.381815,741.7474939,795.3862287,1007.874342,1268.383462,1656.424794,1883.461388,2259.114059,1911.607866,2280.437337,2487.598017,2723.822191,2961.549422,3098.985791,2687.480056,2176.002772,1968.565398,2027.778549,2229.858652
Nicaragua,NIC,241.8764121,348.8646053,410.7673844,393.6035457,847.3736884,890.0054491,908.6338479,909.3364921,943.9228567,972.8867935,1007.499839,1034.551387,1000.936715,1005.733044,1080.269119,1162.289685,1226.644309,1327.966782,1499.25762,1444.36951,1503.864191,1655.802946,1760.460308,1811.636803,1934.062922,2049.851666,2107.57406,2159.156714,2014.575189,1926.699694
Netherlands,NLD,21290.86038,21732.23076,23904.03742,23122.41077,24646.31431,29258.13435,29006.80945,26700.53713,27885.80838,28263.09671,26149.41108,26873.27593,29204.03983,35672.2066,40362.39478,41979.05585,44863.35063,51733.44213,57644.47997,52514.02712,50950.03434,54159.34661,50073.00566,52184.06185,52830.17423,45175.23189,46007.85292,48554.99228,53018.62936,52476.27325
Norway,NOR,28242.94374,28596.933,30523.98506,27963.66522,29315.84191,34875.70433,37321.9742,36629.0309,34788.35985,36371.05095,38131.46061,38542.7151,43084.47247,50134.89077,57603.83602,66810.47852,74148.32008,85139.96045,96944.09561,79977.69708,87693.79007,100600.5624,101524.1419,102913.4508,97019.18275,74355.51586,70460.56053,75496.75406,82267.80932,75719.7529
Nepal,NPL,191.8788839,202.0805891,170.5866512,178.6259878,193.2795509,203.9807806,204.6857552,217.7879819,210.6115609,214.1067032,229.4903926,246.7255581,244.7208435,252.4023518,286.1576726,315.80563,346.9453313,391.3800572,470.455459,478.1732528,592.4012071,799.5833769,804.1416073,823.3598746,844.8531248,901.7496077,899.523581,1048.453755,1178.525932,1194.956876
Nauru,NRU,1890.922964,1890.972329,1890.873599,1891.07106,1890.676138,1891.465981,1889.886295,1893.045668,1886.726921,1899.364415,1874.089427,1924.639403,1823.539452,2025.739354,1621.33955,2430.139157,3648.040215,4529.551409,5259.771919,5829.309051,4752.175082,6560.27487,9562.667866,9648.495655,10171.48073,8341.012278,9521.042101,10339.38548,11614.66508,11029.73558
New Zealand,NZL,13663.02162,12230.07345,11793.13924,13094.34545,15280.31278,17400.42018,18794.43604,17474.18703,14738.44557,15322.22383,13641.10272,13882.85683,16874.18749,21913.70817,25420.23488,27751.06547,26654.5932,32479.98174,31252.96256,28209.36233,33676.77412,38387.62708,39973.38076,42976.64959,44572.89875,38630.72659,40080.49411,42992.89527,43306.07,42755.21626
OECD members,OED,16978.03,17798.86676,18964.57392,19054.28312,20278.23222,22178.10824,22192.04101,21686.24759,21747.57001,22671.8234,22995.0137,22615.3232,23407.68655,26004.14604,28738.71701,30180.97714,31604.62275,34324.68659,36101.0384,33554.60576,34973.12291,37429.70804,37174.62539,37431.36324,37962.6637,35612.50613,36072.08446,37407.26433,39372.83592,39552.6618
Oman,OMN,6448.13836,5988.866834,6278.652491,6029.183803,6013.200263,6261.764469,6830.639424,7039.621237,6215.715413,6915.370973,8601.271944,8475.968643,8626.965234,9066.312371,10126.13774,12377.08001,14420.51204,15838.46956,22139.74071,16823.79498,21369.35297,23837.31094,24988.01259,23888.62658,23017.93398,18444.927,16772.73921,17329.18546,18947.3665,17700.70349
Other small states,OSS,3122.900947,3146.570912,3367.591989,3151.471251,3239.610345,3672.295048,3802.314567,3880.092798,3734.030462,3941.000861,4370.08818,4274.292534,4534.112424,5547.415538,6753.972105,8008.480303,9187.777369,10954.53824,13045.05172,10905.7047,12378.48607,14895.51869,15212.81358,15552.69395,15730.91893,12779.21891,12384.39739,13201.51869,14354.44671,13799.58669
Pakistan,PAK,371.6785676,411.859439,429.1469022,442.4922573,434.4654042,489.8818298,497.2161314,476.3812276,461.2167361,454.2761123,576.1955804,544.4942514,534.3039007,599.3763305,687.8364127,748.9225893,836.8605262,908.0950852,990.8466112,957.9956753,987.409712,1164.978823,1198.117637,1208.91771,1251.175719,1356.667831,1368.426961,1464.926195,1482.213067,1288.556325
Panama,PAN,2603.847676,2803.944925,3122.087316,3339.914374,3489.151106,3494.51729,3529.852222,3741.28733,3974.664305,4082.614583,4060.317793,4046.429148,4126.232386,4267.292687,4592.152614,4916.907612,5348.884253,6166.187871,7154.274501,7576.140457,8082.016175,9358.26813,10722.26147,11889.09507,12796.07403,13630.30114,14343.98026,15146.40851,15544.99908,15774.25494
Peru,PER,1196.586858,1524.770536,1566.011279,1488.032995,1881.737355,2194.017247,2232.075816,2306.438527,2163.119357,1924.486419,1955.588006,1941.475342,2021.240038,2145.643889,2417.034363,2729.499172,3154.331349,3606.070689,4220.616378,4196.311627,5082.353706,5869.323882,6528.971775,6756.752996,6672.877373,6229.100674,6204.996457,6710.507602,6957.793411,7027.612207
Philippines,PHL,816.0295457,816.0804127,929.2862822,931.5661269,1073.017567,1212.944437,1325.571064,1288.580731,997.5936933,1122.032017,1072.801752,990.5659913,1036.158331,1048.008205,1121.490006,1244.348741,1452.438089,1744.639979,1998.02692,1904.196388,2217.472153,2450.735694,2694.305109,2871.429701,2959.645435,3001.043182,3073.654686,3123.245642,3252.110274,3485.340844
Palau,PLW,4040.749298,4326.55383,4632.173947,4989.563464,5482.566901,5850.690803,6035.704295,6321.190012,6621.845792,6992.076167,7657.951214,8092.207323,8307.957438,7771.209368,8317.113942,9626.612414,9843.049373,10381.42387,10598.88283,10252.75014,10356.63362,11094.83322,12044.10547,12561.33614,13711.7617,15876.46193,16835.986,16019.98989,15895.2599,15232.48708
Papua New Guinea,PNG,697.5389685,801.4729647,905.249168,1005.151953,1086.291169,893.7731191,970.0904769,906.3609204,678.8966674,608.2815307,602.1864903,515.6847804,491.8343081,568.2463486,618.0367032,749.1865116,1256.979648,1401.949447,1672.951024,1626.312855,1949.351185,2406.910967,2790.676303,2729.888751,2920.782986,2679.346579,2509.629637,2695.249009,2801.371393,2820.306397
Poland,POL,1731.209531,2235.541089,2459.020685,2497.195241,2874.825311,3686.8193,4147.465501,4123.135618,4518.108226,4398.081043,4501.454067,4991.244358,5207.171421,5701.602212,6681.386472,8021.505743,9035.410467,11254.51739,13996.02515,11526.05589,12613.011,13879.56099,13097.27085,13696.4663,14271.30585,12578.49547,12447.43959,13864.68176,15468.48222,15732.20313
Pre-demographic dividend,PRE,892.9088633,390.7197863,362.7479341,317.2760939,289.1035057,361.2391328,389.7128698,418.0040554,420.1719484,447.2522292,504.0338004,468.3190202,521.7059475,550.7230194,668.0057313,810.320922,990.8712906,1166.613808,1420.687695,1253.727344,1417.981075,1592.459586,1684.41887,1798.16989,1838.707882,1558.660687,1385.784918,1407.096929,1462.374181,1489.822323
Puerto Rico,PRI,8652.507492,9064.018517,9659.3389,10212.27676,10876.41882,11579.185,12173.16369,12817.64496,14304.40499,15220.99134,16192.12697,18123.1987,18731.45939,19557.12025,20988.99233,21959.3227,22935.94116,23664.88235,24898.33459,25768.72589,26435.74879,27278.88305,27944.73389,28513.16574,28981.45733,29763.4883,30627.1634,31108.76057,31604.70151,32850.54861
Portugal,PRT,7884.617988,8958.985333,10810.56651,9534.656364,9977.319909,11781.36185,12185.0914,11575.50711,12199.20639,12471.07936,11497.75346,11724.6115,12875.32079,15762.97579,18031.00042,18773.12536,19822.84603,22782.09462,24847.54514,23059.79745,22498.69086,23186.91313,20564.88986,21647.04181,22074.30076,19242.36647,19978.40121,21437.3475,23551.04829,23330.81729
Paraguay,PRY,1376.165325,1611.399861,1610.212247,1591.374158,1686.845278,1897.098347,2002.68346,1993.804376,1812.993667,1694.11121,1663.604939,1565.054289,1300.852367,1365.416418,1679.49512,1843.634108,2271.088885,2976.824014,4047.909791,3626.818637,4359.428415,5329.387437,5185.141549,5936.975959,6118.31811,5413.776021,5324.609068,5678.869972,5782.78455,5380.963322
West Bank and Gaza,PSE,1160.408201,1198.622866,1259.22876,1329.146419,1201.581542,1326.562857,1317.466751,1389.164971,1465.046057,1499.492177,1476.17185,1335.553195,1156.217473,1257.69857,1422.190886,1543.701414,1570.1044,1664.245717,2035.202341,2191.781787,2557.075624,2880.798437,3067.438727,3315.297539,3352.112595,3272.154324,3527.613824,3620.360487,3562.330943,3656.858271
Pacific island small states,PSS,1387.659645,1452.739112,1566.580412,1631.792591,1889.866745,2018.182169,2129.481704,2104.973308,1780.271172,1935.280812,1755.418082,1711.101296,1776.616257,2060.327216,2349.736107,2568.750662,2672.033628,2909.128534,3063.478401,2706.025331,2965.360892,3440.607342,3608.822436,3702.16591,3970.735635,3832.184552,3963.692373,4220.256561,4340.020744,4270.411064
Post-demographic dividend,PST,19031.87944,19954.49743,21277.06822,21279.29657,22748.97985,25094.42594,25080.04003,24461.0044,24448.79449,25546.42061,25850.54663,25484.78772,26433.52072,29502.32358,32610.27422,34154.47689,35747.02121,38777.12414,40753.95872,38197.84913,39660.79127,42480.55407,42256.71699,42489.68497,43159.4767,40694.35007,41442.76238,43033.4408,45492.80202,45819.48008
Qatar,QAT,15454.17967,14124.26385,15434.21009,14270.97377,14544.00559,15849.56574,17337.42187,21104.76372,18593.41407,21723.8142,29976.16763,28517.22084,30214.67042,34517.60321,42124.94084,51455.95094,59530.561,65421.37692,80234.19083,59094.65918,67403.08768,82409.94165,85075.98654,85050.68434,83858.34046,63039.11263,57162.96801,59124.86727,65907.94844,62276.42869
Romania,ROU,1680.705623,1260.749045,1102.103785,1158.132516,1323.104325,1650.276481,1633.010644,1577.323357,1852.467309,1599.889533,1659.90764,1825.179805,2119.882673,2679.41191,3494.944517,4617.929016,5757.496429,8360.166321,10435.04398,8548.118672,8214.076893,9099.217539,8507.104775,9547.852151,10043.67745,8969.148921,9548.587403,10807.00917,12398.98198,12899.34611
Russian Federation,RUS,3492.710314,3490.452505,3098.802639,2930.670201,2662.104034,2665.779867,2643.929196,2737.572024,1834.861843,1330.757236,1771.594059,2100.352512,2377.529577,2975.125353,4102.364833,5323.463083,6920.189125,9101.255049,11635.27293,8562.813277,10674.99578,14311.08432,15420.87454,15974.64463,14095.64874,9313.013625,8704.898413,10720.33266,11287.35528,11497.64925
Rwanda,RWA,349.8733096,269.8504233,302.7386376,314.7513041,126.954894,221.6289261,229.8867674,288.4093021,285.7102739,287.3738192,260.6011858,238.7812778,233.1512636,249.7433131,273.6336903,331.6901134,366.8943924,438.6641845,543.5453565,579.726615,609.724917,668.4946722,725.1697703,722.8943285,743.559038,751.0773926,744.7607488,772.3169891,783.6371628,820.1492886
South Asia,SAS,359.2316694,312.6576415,324.9073431,314.9985358,349.8635745,380.353701,407.7515518,419.3197881,416.9828766,438.310721,453.2376041,455.8580189,469.712186,538.711136,613.9477974,691.6926172,774.8637986,959.3051264,959.4612494,1041.980211,1257.499508,1368.945102,1366.059425,1383.316909,1496.014996,1543.048131,1652.251801,1867.443968,1894.008884,1959.525845
Saudi Arabia,SAU,7246.01592,7883.245268,7932.093233,7485.541756,7421.289194,7690.576284,8335.804742,8551.676059,7419.161144,8007.958194,9171.331476,8684.645762,8695.396483,9609.968686,11185.13704,13791.45476,15384.73836,16516.63178,20078.26007,16113.14371,19262.5476,23745.88058,25243.602,24845.12466,24464.21256,20627.92693,19878.76384,20802.46631,23337.01755,23139.79798
Sudan,SDN,483.9526109,432.47895,260.5103596,320.4853315,449.710583,473.4134709,300.5649303,378.9547617,355.1525542,328.068653,366.172742,456.6242379,512.4412582,586.7532114,711.9219842,914.1665223,1143.932251,1461.315914,1551.085771,1202.557881,1338.443724,1366.410905,1039.762051,1160.535552,1303.838955,1329.635962,1069.839957,1011.521216,740.746767,610.9278615
Senegal,SEN,982.0178763,935.4919598,972.4318336,895.6132848,595.0300068,727.9896576,735.9819092,661.6537598,695.9523781,688.9988969,613.7323845,648.4414733,681.3118508,831.8310403,932.1680954,992.6880581,1027.731441,1197.409561,1403.949385,1308.937808,1271.583281,1366.774501,1317.779802,1372.665779,1396.657339,1219.249415,1269.903294,1361.701972,1458.069093,1430.148259
Singapore,SGP,11861.75616,14502.37999,16135.91365,18290.02824,21553.0309,24914.41126,26233.6289,26375.97195,21829.29987,21796.08444,23852.32703,21700.02005,22159.68886,23730.15245,27608.53737,29961.26328,33769.15416,39432.93835,40007.46926,38927.20688,47236.96023,53890.42873,55546.48854,56967.42579,57562.53079,55646.61875,56848.17539,61176.45636,66679.04649,65640.70795
Solomon Islands,SLB,688.5191142,709.6463897,815.4946362,886.1354418,1153.447534,1306.73753,1381.8009,1385.570531,1171.427864,1215.167354,1017.613757,965.7656751,795.6015338,788.6131193,867.1071722,1014.85528,1119.693297,1260.289404,1388.963877,1428.505673,1604.20583,1938.891187,2141.821522,2248.614935,2274.887866,2167.119928,2225.486842,2332.844216,2411.862926,2344.048976
Sierra Leone,SLE,150.3889975,179.3612103,156.4031039,177.5972628,211.5922322,202.3160428,218.3668902,196.1153817,153.458492,150.0064246,138.6987225,229.3756595,252.396007,266.4469054,266.5693713,292.3490663,323.3890184,360.3716605,408.4810085,391.200943,401.8348761,448.3376621,566.3782351,716.8358269,714.6997957,588.2288628,501.4151655,496.6822949,533.9915333,521.7548367
El Salvador,SLV,914.1317947,983.1815042,1073.310253,1216.700841,1380.708375,1585.108896,1684.784505,1778.836337,1886.359966,1930.627457,2001.540049,2072.301591,2124.10182,2209.497245,2278.43033,2428.568879,2631.822739,2786.157774,2933.39424,2858.483344,2983.228806,3266.010978,3428.409332,3509.526536,3589.042885,3705.579704,3805.995686,3910.254403,4052.624775,4167.730939
San Marino,SMR,4941.532184,8257.995895,10223.61518,14633.59096,18682.60043,22259.54894,24312.30489,26374.79065,30119.61075,40864.32547,36604.49338,38730.80304,41464.74643,51270.12923,59558.77272,60900.54329,64261.03273,72697.70599,78643.55065,66703.21823,60254.7763,57297.51331,49988.46363,51570.98395,50817.33082,42662.90265,43828.23246,45399.02906,48996.59225,47731.20854
Somalia,SOM,126.9249732,167.8463739,176.6917347,185.4026908,194.054541,202.803423,211.7053437,220.5805469,229.1911759,237.5266286,246.6371016,255.8315521,264.5082415,272.5702133,280.9081513,290.4713913,301.2359838,307.6019078,314.8042635,324.4110597,336.359051,346.4427428,351.013382,350.1681618,374.1147807,386.437817,389.8220615,384.4634014,389.8313955,419.3948077
Serbia,SRB,3668.126986,3422.567451,3262.708967,2974.818283,2568.150526,2207.450598,2864.084727,3380.041416,2571.17271,2571.30404,914.7857199,1727.281196,2283.846685,3005.426352,3502.802924,3720.479155,4382.617279,5848.476405,7101.040141,6169.114195,5735.422857,6809.159804,6015.945228,6755.073675,6600.056809,5588.980728,5765.200762,6292.543629,7252.401858,7417.203649
Sub-Saharan Africa (excluding high income),SSA,654.8966674,644.220844,627.297232,599.1873354,569.5140004,644.4535241,655.1401883,662.331568,624.2877243,614.1250703,635.0559245,593.6029898,628.5393212,771.8907153,934.7508305,1081.142013,1240.849907,1399.739846,1547.919597,1440.985779,1654.54129,1806.283367,1827.326654,1891.619683,1907.827077,1687.101798,1528.185535,1588.059704,1625.820971,1628.841127
South Sudan,SSD,2020.925705,1994.923108,1965.297932,1938.461071,1916.601824,1882.12609,1857.060066,1832.785097,1797.328912,1785.273783,1752.594758,1696.88807,1717.378229,1664.735379,1626.491761,1651.119814,1526.249393,1550.618396,1669.493752,1337.882231,1535.706892,1516.404378,1179.739711,1779.470365,1322.820364,1119.651437,1280.543197,1230.557853,1183.457185,1170.553714
Sub-Saharan Africa,SSF,655.5304382,644.8487583,628.023407,599.9712201,570.302025,645.2467419,655.9009844,663.1693655,625.1803853,615.017259,635.9089536,594.4501049,629.4665765,772.7880978,935.7883706,1082.240619,1242.024256,1400.885009,1548.931385,1441.838903,1655.486199,1807.299592,1828.305577,1892.847636,1909.033228,1688.327251,1529.439256,1589.370013,1627.11036,1630.127378
Small states,SST,2973.438431,2982.017416,3120.588891,3030.546836,3140.163576,3518.446752,3684.427834,3880.753332,3818.023549,4028.96242,4390.926636,4345.322147,4583.772558,5403.058377,6400.853179,7492.65769,8557.898957,10043.89903,11834.04054,9919.768364,11168.49083,13207.69839,13520.97778,13815.58596,13995.66049,11738.11247,11350.72567,12032.93397,13001.15869,12594.67689
Sao Tome and Principe,STP,416.9821309,360.4716104,333.609336,363.0055941,415.3105345,443.907533,493.6953055,438.2589583,449.5879139,498.3099709,535.5765806,524.6698721,577.628404,678.7379639,745.3202999,866.5049956,883.0970413,896.8677913,1098.755219,1067.908053,1090.260763,1254.541598,1330.620114,1564.768548,1770.467688,1584.775657,1700.097997,1813.807434,1953.513257,1987.579702
Suriname,SUR,958.6123321,1084.96425,961.8264719,1001.721163,1391.620154,1565.212023,1921.905439,2039.836843,2415.742066,1904.44518,2012.281651,1750.576737,2267.753984,2611.377493,3006.183233,3590.648183,5197.747907,5744.759727,6831.983622,7408.360786,8255.874872,8263.203803,9200.974786,9402.164419,9471.922001,9168.237157,5872.789429,6295.560562,6938.086981,6853.693411
Slovak Republic,SVK,2405.53516,2691.195652,2920.917542,3102.296859,3771.359516,4819.125555,5196.94038,5146.671078,5538.616465,5643.675109,5413.150621,5717.21709,6533.553213,8712.698793,10671.82186,11685.75482,13159.75944,16085.61152,18677.29271,16531.67051,16825.35163,18406.01196,17430.82675,18203.24249,18630.97598,16335.6454,16501.08385,17494.72879,19380.51351,19303.54566
Slovenia,SVN,10487.75041,10433.7088,10416.13421,9941.838353,9328.877632,10730.45101,10815.11105,10454.96564,11175.77103,11452.78312,10201.30354,10479.75963,11777.15566,14849.03724,17233.13856,18098.90854,19672.96556,23787.64656,27483.33717,24694.23049,23509.54314,25095.13229,22643.10025,23496.6025,24214.92207,20881.76693,21663.64341,23455.94473,26104.10279,25942.95477
Sweden,SWE,30593.67244,31822.80385,32800.98269,24425.28493,26083.61439,30282.96392,32998.96816,30312.4876,30596.5272,30941.07936,29624.91267,27247.85773,29899.19525,37321.7979,42821.67314,43437.06312,46593.60216,53700.00534,56152.55234,46946.96027,52869.04429,60755.75955,58037.82132,61126.9432,60020.36046,51545.48361,51965.15715,53791.50873,54589.06039,51939.42974
Eswatini,SWZ,1355.389001,1367.783196,1481.861181,1528.892444,1563.749507,1833.099316,1695.134775,1781.888523,1609.214093,1557.063331,1728.710498,1521.769075,1405.448706,2148.632475,2699.130742,3083.838141,3176.691168,3327.445134,3137.387266,3385.858846,4168.489403,4496.613361,4527.565039,4230.171266,4039.159341,3680.349473,3425.531957,3914.418484,4105.893683,3915.643467
Seychelles,SYC,5302.843727,5314.663128,6128.445569,6559.129994,6555.504407,6748.931109,6583.201018,7280.989621,7715.918147,7747.612159,7578.851053,7663.13708,8331.261997,8524.961236,10176.65871,11092.51074,12014.39987,12154.82994,11122.86207,9706.95606,10804.68447,12189.09516,12006.68296,14765.67398,14700.33434,14745.34146,15068.62035,15945.26493,15994.81986,16213.48076
Syrian Arab Republic,SYR,1920.631225,2165.851893,2510.477755,2717.282164,3231.926743,3545.808903,4171.456097,4376.873332,4514.104713,4556.66108,4910.777748,5175.261944,5300.582812,5494.839654,6330.740183,7309.107876,8069.564879,9056.634662,10554.08378,10589.59905,11820.60778,3050.754453,2094.408097,1039.17531,1135.125244,916.3580331,707.5052667,942.5189159,1268.235849,1334.370593
Turks and Caicos Islands,TCA,14880.00916,15261.495,15787.29932,15751.25012,15945.51695,17080.76556,17273.29812,15927.81631,16193.45149,16168.63793,15189.58651,16625.48892,15785.96255,16384.90243,18181.09289,20533.18761,24559.1437,25457.97782,27650.11635,22020.34729,21029.69594,21839.00902,21345.02598,21715.31397,23778.51913,26183.88504,28241.47929,27545.12879,29553.1367,31350.86663
Chad,TCD,291.5533573,304.8744725,296.0396966,222.9231832,173.9902724,206.2606526,221.6730401,205.8626958,224.5537395,190.5590719,166.1757089,197.1460821,221.4165369,292.6008802,454.3363652,658.566973,710.3963987,799.603742,929.3827519,803.6863884,892.5688697,984.7361305,967.3529488,979.8117426,1020.287979,776.0197523,693.4497674,665.9488849,726.1510071,709.5400432
East Asia & Pacific (IDA & IBRD countries),TEA,420.4522815,449.1965,496.4869982,537.8283938,638.8522367,778.3827242,883.1452664,903.4777758,813.5767312,885.945704,965.7563454,1019.030394,1117.760443,1253.477768,1442.786726,1657.911741,1980.896047,2485.20697,3120.019932,3359.571017,4042.35625,4905.252309,5425.766593,5936.805765,6348.109755,6561.191006,6648.812448,7210.916994,8012.14971,8235.583677
Europe & Central Asia (IDA & IBRD countries),TEC,2338.500537,2317.189082,2174.617158,2154.695537,1932.783603,2129.207474,2189.654612,2256.410796,2180.255601,1890.176569,2059.067492,2096.896143,2359.845446,2900.758097,3751.476863,4696.169301,5673.384948,7285.228076,8994.918218,7103.46886,8309.822043,10041.79741,10432.47127,11000.65566,10330.79193,8019.893846,7677.400469,8562.5074,8876.153964,9013.795649
Togo,TGO,431.4503884,414.7814374,429.042361,306.1512474,238.4654535,309.8182936,336.9770039,334.1438424,342.6579042,329.8164697,302.958592,292.8231035,328.3981073,396.9205798,413.3298662,406.562366,408.0571173,449.7382505,546.3503702,540.6087126,534.0447826,587.0974928,571.8067239,621.3988536,640.9342196,570.9099672,803.1518934,830.7452767,901.5230169,893.3524541
Thailand,THA,1508.94247,1716.41542,1927.882603,2209.36303,2491.427836,2846.586834,3043.980314,2468.18473,1845.82887,2033.258009,2007.735271,1893.264239,2096.187802,2359.116831,2660.126835,2894.062656,3369.543198,3973.017172,4379.658787,4213.006654,5076.339872,5492.1215,5860.581471,6168.261356,5951.883487,5840.053067,5993.305516,6593.818352,7296.879608,7817.009671
Tajikistan,TJK,497.6324574,250.3408858,391.9437685,293.9804022,267.4329629,213.5441443,178.3612515,155.1885177,219.0402456,177.5596287,138.4291467,171.0480646,190.0026776,237.7573352,311.6272313,340.5831832,408.8384135,526.6432883,715.8657063,676.1235111,749.5524123,847.3824321,969.2961039,1048.225602,1104.172358,978.4049812,807.1025861,848.6723799,853.2188734,890.5444024
Turkmenistan,TKM,865.7868319,605.309274,410.2729264,832.7538547,623.2419057,590.2812211,554.8339157,562.6417026,590.3871315,548.6879133,643.1909754,774.482152,967.8874353,1283.908782,1453.917784,1704.41538,2136.472101,2600.368758,3904.465301,4036.456805,4439.202128,5649.962106,6675.178055,7304.285771,7962.244925,6432.685325,6387.682575,6587.092604,6967.375043,7612.03518
Latin America & the Caribbean (IDA & IBRD countries),TLA,2432.331664,2580.484911,2779.504383,3184.64513,3678.758507,3930.939259,4201.935036,4534.759636,4490.53824,3957.309811,4312.356393,4137.419283,3631.224153,3648.865072,4171.216998,5014.329567,5823.474315,6812.639385,7861.807731,7279.331529,8991.181896,10139.33346,10123.57509,10262.03865,10350.59367,8482.301221,8186.788135,9037.221549,8743.527883,8525.421861
Timor-Leste,TLS,434.2994086,431.9534426,430.150969,428.0386968,431.0241427,434.9188656,442.516051,455.6373952,448.5060717,494.7884805,415.0859486,529.7781659,508.8405861,517.8269684,453.5133127,464.5459387,446.4665297,523.7376349,614.435755,676.6190754,806.4143493,936.4485956,1024.172508,1210.035655,1232.450336,1332.791856,1353.754934,1299.494635,1249.138351,1583.713576
Middle East & North Africa (IDA & IBRD countries),TMN,2240.999581,1132.124342,1216.933432,1220.995107,1280.574779,1461.364667,1652.70564,1713.731028,1714.468992,1831.744445,1909.483798,1898.483987,1816.637408,1949.848057,2277.314714,2643.689669,3014.586216,3633.926556,4408.554937,4221.601684,4771.680193,4641.094951,4949.089147,4488.013017,4339.054517,3813.93669,3794.449568,3677.608552,3446.056905,3447.243891
Tonga,TON,1194.541034,1388.040501,1436.783691,1449.306003,2047.138431,2176.381296,2307.130962,2225.100675,1973.544795,2043.751046,2091.113009,1839.086867,1845.669127,2030.775469,2301.654115,2594.418739,2873.076637,2910.145122,3331.546555,3006.606344,3527.952342,4002.813771,4581.783245,4428.146521,4354.24436,4336.239603,4157.877249,4513.432531,4740.700272,4903.012138
South Asia (IDA & IBRD),TSA,359.2316694,312.6576415,324.9073431,314.9985358,349.8635745,380.353701,407.7515518,419.3197881,416.9828766,438.310721,453.2376041,455.8580189,469.712186,538.711136,613.9477974,691.6926172,774.8637986,959.3051264,959.4612494,1041.980211,1257.499508,1368.945102,1366.059425,1383.316909,1496.014996,1543.048131,1652.251801,1867.443968,1894.008884,1959.525845
Sub-Saharan Africa (IDA & IBRD countries),TSS,655.5304382,644.8487583,628.023407,599.9712201,570.302025,645.2467419,655.9009844,663.1693655,625.1803853,615.017259,635.9089536,594.4501049,629.4665765,772.7880978,935.7883706,1082.240619,1242.024256,1400.885009,1548.931385,1441.838903,1655.486199,1807.299592,1828.305577,1892.847636,1909.033228,1688.327251,1529.439256,1589.370013,1627.11036,1630.127378
Trinidad and Tobago,TTO,4150.284861,4318.502428,4398.495123,3754.800372,3959.262873,4249.094373,4579.978105,4554.356458,4790.123738,5387.164386,6435.134212,6939.828471,7053.087371,8807.866068,10293.86925,12327.28071,14102.59329,16539.89075,21204.00818,14514.24061,16683.39306,19034.12071,19157.45977,20143.54541,20270.93377,18214.46062,16250.62869,16173.74005,17037.86236,16637.16294
Tunisia,TUN,1491.119777,1551.377998,1799.111582,1660.875002,1743.154533,1975.899862,2113.587432,2208.206243,2292.711741,2386.589492,2211.835015,2253.034852,2344.396907,2760.405122,3111.374381,3193.204358,3369.924443,3776.332046,4307.580023,4128.463959,4344.64192,4479.930327,4361.687736,4444.816511,4544.016632,4094.836287,3924.363346,3687.777461,3680.892597,3574.654024
Turkey,TUR,2794.350494,2735.707615,2842.369978,3180.187577,2270.337325,2897.86664,3053.947231,3144.385703,4499.737508,4116.17056,4337.478003,3142.920998,3687.956093,4760.104019,6101.632117,7456.296101,8101.856924,9791.88245,10941.17215,9103.474051,10742.77498,11420.55546,11795.63346,12614.78161,12157.99043,11006.27952,10894.60338,10589.66772,9454.348443,9121.515167
Tuvalu,TUV,990.3981751,1038.957834,1069.478537,1047.505216,1175.810083,1185.840519,1323.907506,1361.589349,1367.084534,1464.805341,1463.166211,1392.334348,1610.653001,1874.853819,2181.636269,2184.565259,2263.575948,2645.109505,2936.521547,2602.619444,3024.761774,3643.121608,3506.308144,3457.376266,3398.39675,3197.772252,3253.899536,3574.065288,3701.709255,4055.89561
Tanzania,TZA,173.7906179,195.661453,175.5580799,157.0608125,161.176878,182.361928,219.5502111,253.4759847,395.5326208,400.2636718,410.9523655,406.5387537,411.9723218,431.2797298,459.2592952,492.6313397,485.4974495,552.8395016,687.3904455,695.2168433,743.4036639,781.4338957,867.8574989,970.3996014,1030.077648,947.9333517,966.5030166,1004.906588,1042.838756,1085.88486
Uganda,UGA,248.0293243,185.0181172,153.9440238,167.9412492,201.6026565,281.9661333,287.3882907,289.5044945,295.4052653,261.3479065,261.8691416,239.473127,245.5000403,254.3012043,296.0142675,333.7315763,349.2171001,403.6637446,474.5179496,799.9658963,822.5393725,832.5690782,790.1314506,810.090395,883.5287445,847.2676289,736.5598474,746.8307529,770.6007843,798.5857341
Ukraine,UKR,1568.536122,1374.845658,1378.70467,1257.350096,1011.979399,935.9761443,872.6987057,991.2204103,835.2509543,635.7643975,658.348608,807.8019371,911.9111514,1087.785627,1416.60381,1894.470781,2391.323934,3197.934295,4066.547885,2639.391654,3078.429982,3704.824973,4004.804396,4187.739845,3104.643206,2124.662319,2187.73051,2638.326055,3096.561697,3661.456204
Upper middle income,UMC,1323.91289,1264.2404,1306.494305,1417.883675,1555.361855,1730.831725,1861.80562,1972.022393,1928.575544,1804.784703,1975.328784,1970.284781,1972.243943,2193.350008,2610.477863,3115.856972,3675.672214,4534.396013,5493.674786,5245.507152,6324.49586,7567.420995,8035.981118,8559.85124,8754.537457,8155.881802,8053.167884,8846.476386,9468.932983,9572.872787
Uruguay,URY,2990.367133,3578.288157,4082.538363,4721.007648,5458.867361,5985.116994,6317.561877,7329.866939,7713.618768,7250.27477,6875.025469,6284.45968,4090.891888,3624.205685,4120.544205,5226.9441,5887.845162,7026.503055,9091.079039,9451.932449,11992.02377,14236.715,15171.58017,16973.68924,16831.94819,15613.74597,16715.63347,18690.89384,18703.86029,17688.01501
United States,USA,23888.60001,24342.2589,25418.99078,26387.29373,27694.85342,28690.8757,29967.71272,31459.13898,32853.67695,34513.5615,36334.90878,37133.24281,38023.16111,39496.48588,41712.80107,44114.74778,46298.73144,47975.9677,48382.55845,47099.98047,48466.6576,49882.55813,51602.93105,53106.53677,55049.98833,56863.3715,58021.4005,60109.65573,63064.41841,65279.52903
Uzbekistan,UZB,651.4192061,652.8074753,603.3520153,596.9835856,576.4471105,585.9323642,600.5981578,623.0026524,623.2161328,702.4807441,558.2268024,456.7062895,383.343068,396.377979,465.1198869,546.7768502,654.2838373,830.4076942,1082.286025,1213.265328,1742.349256,2051.129515,2267.623275,2419.718703,2628.460008,2753.971072,2704.677188,1916.764642,1597.068337,1784.009816
St. Vincent and the Grenadines,VCT,2236.197812,2364.525383,2575.069302,2650.111143,2678.509305,2924.829997,3069.824777,3223.229718,3465.623925,3625.720503,3676.352092,3985.807613,4272.956059,4447.918312,4809.934335,5070.381521,5625.399437,6307.313617,6415.343305,6232.371642,6292.498854,6242.252962,6390.310632,6639.484897,6684.377547,6921.702479,7074.548765,7213.025857,7361.400962,7460.153362
"Venezuela, RB",VEN,2475.380473,2661.033851,2938.160197,2857.93866,2720.367063,3529.589128,3151.269278,3758.844934,3921.718474,4127.108981,4842.036601,4986.675788,3700.87974,3272.615024,4325.696756,5504.97724,6833.378912,8454.469536,11432.74592,11765.09976,13825.35712,10955.53801,12986.22269,12457.7686,16055.64532,16184.22609,17512.85773,18625.87438,19526.25655,20362.8966
Virgin Islands (U.S.),VIR,38574.63718,38544.13144,35837.02598,38460.26956,31961.75324,31833.56009,31912.06394,32203.21993,32256.76373,30325.98422,45612.23993,33856.56687,30062.02251,31731.25662,35006.36144,40828.74609,41377.1466,44158.5054,39152.37507,38753.18254,39905.12842,38997.13732,37795.31926,34597.97669,33045.36438,34007.35294,35324.97489,35365.0693,36448.25749,38136.66576
Vietnam,VNM,95.18825998,138.4474504,139.2001228,182.3084018,221.1291752,276.8126628,324.1472239,348.0174071,348.3243173,362.9195028,390.0933309,404.8078612,430.0528724,480.5798343,546.909619,687.4797274,784.3723759,906.2842299,1149.424495,1217.268583,1317.890646,1525.119025,1735.152116,1886.69017,2030.278447,2085.101349,2192.174482,2365.521615,2566.447487,2715.27598
Vanuatu,VUT,1152.169246,1335.833604,1347.430174,1255.090071,1423.896602,1482.705562,1522.062208,1559.43224,1473.666114,1478.58574,1470.63587,1363.185058,1354.100243,1580.575634,1788.122206,1887.226576,2049.532809,2352.973255,2629.053124,2573.889015,2839.40634,3173.822022,2997.293432,2954.774511,2926.67996,2695.666186,2805.66532,3082.475083,3125.404999,3116.297759
World,WLD,4299.047173,4411.264178,4655.204708,4662.452852,4957.993826,5439.759231,5481.553357,5384.58695,5297.23454,5424.531822,5530.613892,5426.386204,5561.278824,6160.190409,6856.204251,7336.609424,7852.523635,8738.352182,9473.797796,8879.287224,9605.558823,10516.31422,10623.44108,10792.21004,10955.5689,10222.60827,10264.92866,10798.15277,11347.33585,11397.086
Samoa,WSM,772.5343204,765.8366184,799.4624531,796.5850105,1310.68479,1322.35067,1460.047151,1659.114822,1559.147665,1490.926388,1542.066736,1556.999425,1633.007661,1909.154441,2353.455973,2590.489858,2796.601169,3133.671327,3378.953029,3168.228207,3566.42836,3932.105847,4020.959844,4037.813829,3937.186246,4071.926959,4109.663228,4258.978767,4187.504729,4322.868457
Kosovo,XKX,1950.101338,2034.9538,2103.36771,2149.935776,2190.361113,2228.211497,2213.869182,2253.164272,2289.909684,2310.221304,2350.623577,2351.092159,2382.197592,2392.724697,2420.771199,2519.082519,2630.390096,2771.762572,2965.449915,2847.555339,3009.559334,3540.891789,3410.85978,3704.784221,3902.676013,3520.766449,3759.560246,4009.380987,4384.048892,4416.108358
"Yemen, Rep.",YEM,482.2481211,482.0605713,498.9633818,393.7390588,291.472071,285.5695931,374.0114314,428.0605956,384.4999404,451.5709253,554.4486653,550.3603645,579.8531406,620.382726,709.9653788,832.8441987,921.4183549,1017.292048,1229.246675,1116.084396,1334.784902,1374.621401,1446.536472,1607.152173,1674.002572,1601.830063,1152.720966,964.2648105,758.1452416,1229.433805
South Africa,ZAF,3139.966225,3285.972326,3479.083205,3713.921206,3784.449144,4144.613723,3864.415112,3930.836564,3502.166447,3417.264589,3374.718423,2971.819769,2797.087291,4217.11478,5409.133489,6033.101491,6266.533987,6780.884555,6350.65271,6532.736968,8148.961202,8810.930651,8222.197279,7467.079185,6988.808739,6259.839681,5756.965741,6690.939847,7005.095413,6624.761865
Zambia,ZMB,408.7693313,409.7272755,376.498819,378.1255592,412.2607521,418.5150247,385.1521522,448.3701601,358.5559589,335.7122914,345.6896207,382.9410352,382.2419633,435.4581994,538.591553,702.7411184,1047.918843,1124.290586,1394.0005,1159.907499,1489.459087,1672.907535,1763.069442,1878.346811,1762.427817,1338.290927,1280.806543,1535.196574,1516.368371,1305.001031
Zimbabwe,ZWE,841.9739583,809.0511401,619.3720826,591.7196824,611.8652764,623.2095851,741.0958552,731.947626,544.9838381,580.0705709,563.0575041,568.3862905,530.5304463,478.0076044,482.9984515,476.5554025,447.8547399,431.7872587,356.6932344,771.5990323,948.331481,1093.653409,1304.968011,1429.998461,1434.896277,1445.069702,1464.588957,1235.189032,1254.642265,1316.740657
